Fecha;Hidráulica;Turbinación bombeo;Nuclear;Carbón;Fuel + Gas;Ciclo combinado;Eólica;Solar fotovoltaica;Solar térmica;Otras renovables;Cogeneración;Residuos no renovables;Residuos renovables;Generación total
01/01/2023;76,795069;11,629361;154,675736;10,647876;-;46,001583;160,764699;33,392982;0,811405;5,229233;19,261664;2,97986;2,133845;524,323313
02/01/2023;136,43443;19,334608;162,687171;12,523569;-;125,941679;96,936318;30,595371;0,194716;9,023174;33,385355;2,9735915;2,0172955;632,047278
03/01/2023;153,681848;11,252745;169,453632;14,381728;-;131,506694;69,070871;52,667047;3,462572;10,782328;45,883303;3,6410975;2,1600975;667,943963
04/01/2023;138,136315;18,004257;169,747896;14,519674;-;100,185543;65,706889;56,871036;4,732083;10,645037;48,252588;3,527471;2,160476;632,489265
05/01/2023;143,068095;12,800362;169,859286;8,15738;-;131,40182;43,799077;56,86875;5,249039;10,696109;48,285427;3,575704;2,227032;635,988081
06/01/2023;131,077481;12,027723;169,84035;5,584792;-;75,076654;84,450914;53,780714;4,585892;11,104448;43,991611;3,5456355;2,2596935;597,325908
07/01/2023;74,248704;20,475111;136,141194;4,06955;-;46,935911;304,789459;34,82264;0,87313;6,696766;30,430687;3,371349;2,226529;665,08103
08/01/2023;81,027369;7,19313;119,629148;5,733502;-;41,137128;373,638524;16,49828;0,059494;6,194329;28,930205;3,330366;2,092954;685,464429
09/01/2023;102,292094;19,281589;149,044166;7,139193;-;63,597817;299,320208;48,51443;1,020745;9,21347;43,598125;3,5487275;2,1340615;748,704626
10/01/2023;148,856065;15,272125;169,479445;14,173941;-;68,443435;208,748549;44,999994;2,376949;11,413142;50,161945;3,67383;2,205108;739,804528
11/01/2023;145,853971;20,630431;169,679709;15,582585;-;76,297389;197,816561;35,862774;0,943425;11,722468;47,223178;3,7486615;2,3058535;727,667006
12/01/2023;157,861764;17,415556;169,676923;14,308301;-;77,645516;148,098947;59,3334;3,836722;11,257041;49,761051;3,6270765;2,2411885;715,063486
13/01/2023;161,573437;23,255917;169,690963;12,906614;-;81,540907;150,789468;54,119699;2,668354;11,201855;47,321278;3,579175;2,303554;720,951221
14/01/2023;138,372765;14,620284;169,779379;5,918403;-;49,787764;180,267187;56,183402;3,407815;10,200979;34,414951;3,5455205;2,2169135;668,715363
15/01/2023;78,301851;14,5122;169,471037;6,102014;-;34,358533;286,65125;40,893508;2,302046;9,677658;30,810638;3,316837;2,190384;678,587956
16/01/2023;96,253583;29,220967;151,789104;6,616388;-;34,912666;399,213913;29,536633;0,580014;6,601706;30,790521;3,161888;2,063058;790,740441
17/01/2023;92,839974;23,188014;151,427463;7,049599;-;27,654339;390,43588;36,859083;0,124171;5,439255;28,779707;2,8978405;2,0672295;768,762555
18/01/2023;101,39172;25,528701;153,97156;7,306975;-;43,099981;356,497002;55,95901;3,684869;5,401184;30,314397;2,7269715;2,0881955;787,970566
19/01/2023;103,957461;22,035722;169,517736;7,895022;-;39,948414;369,906931;59,87274;4,123896;5,503458;31,404218;2,7819835;2,0292375;818,976819
20/01/2023;124,720748;19,848476;169,90604;8,603483;-;82,865526;270,678113;53,057125;1,928906;8,991137;42,102268;3,168077;2,140244;788,010143
21/01/2023;108,134536;14,130916;170,194031;6,707082;-;42,826007;267,278382;58,955591;2,493303;9,604903;36,426624;3,118386;2,164535;722,034296
22/01/2023;100,416389;17,361618;170,130441;6,11376;-;43,145711;289,047277;73,828755;8,608993;8,50086;30,972597;2,6288475;1,7839045;752,539153
23/01/2023;129,114538;21,967131;170,180516;8,459838;-;64,285768;309,744749;72,665782;8,029282;9,391899;37,55637;2,2821325;1,3417565;835,019762
24/01/2023;156,809623;26,3214;170,069562;10,667999;-;100,117508;234,728064;60,780521;5,562049;10,073173;41,914884;2,460046;1,270945;820,775774
25/01/2023;163,734725;15,551696;170,087794;13,501652;-;86,876289;219,241479;73,017405;6,7718;11,025235;44,020001;2,5509335;1,2728545;807,651864
26/01/2023;159,459152;14,732261;170,060867;13,360008;-;68,314274;311,218928;52,978256;1,834559;10,814047;42,599193;2,298437;1,12177;848,791752
27/01/2023;140,81627;16,355019;170,108286;9,102495;-;57,894953;338,575819;75,734598;6,864319;10,094902;36,29942;2,868396;1,165713;865,88019
28/01/2023;107,05527;17,841376;170,111057;6,088842;-;46,812823;301,908992;82,156727;8,876719;9,588367;33,568376;2,188705;1,297689;787,494943
29/01/2023;105,727592;18,84153;170,126782;6,040975;-;65,889087;230,168981;79,217609;8,461251;9,884992;35,754631;2,4896645;1,6257235;734,228818
30/01/2023;155,803535;13,722603;170,094898;12,569575;-;125,709967;154,95099;79,577411;7,323485;11,386573;49,171731;3,0395625;1,9078245;785,258155
31/01/2023;145,891166;8,444621;170,131417;15,102165;-;112,545063;209,40843;82,766918;7,715756;12,342709;53,748934;3,543686;2,087585;823,72845
01/02/2023;137,937152;13,029804;169,944683;13,929966;-;92,914195;214,665908;82,278115;8,341695;12,279873;57,404134;3,2809255;2,0229635;808,029414
02/02/2023;139,179769;8,567237;170,085845;17,825328;-;142,748277;113,531948;86,535904;8,718661;12,925405;59,921952;3,4696395;2,1484385;765,658404
03/02/2023;143,5512;11,074314;170,238403;19,646229;-;159,211428;62,026834;90,105101;9,938444;13,212983;60,940235;3,434815;2,11006;745,490046
04/02/2023;95,458814;11,762473;170,308159;13,806037;-;73,065617;185,84348;92,60612;10,663417;12,71767;57,709673;3,271259;2,021736;729,234455
05/02/2023;63,319958;9,40697;170,232323;6,648552;-;62,115138;281,934308;87,5798;11,363215;11,603945;52,309494;3,258035;1,956043;761,727781
06/02/2023;83,001391;14,712201;170,233945;13,159903;-;73,033468;276,127206;78,107647;10,078483;12,727469;59,538968;4,016469;1,87138;796,60853
07/02/2023;126,708797;14,747575;170,300899;18,967052;-;147,230179;188,206105;42,553429;0,81019;12,757981;60,573818;4,302539;1,964363;789,122927
08/02/2023;122,616117;9,026806;170,252109;22,790223;-;156,59532;171,25496;41,180348;0,538355;12,366811;61,305859;4,441146;2,092615;774,460669
09/02/2023;106,887553;4,440522;170,248544;23,894131;-;173,904171;137,451953;71,677687;9,26844;13,13451;62,782253;4,649837;2,112191;780,451792
10/02/2023;109,442988;5,587898;170,328293;20,338939;-;167,210476;127,437104;74,331792;5,415011;13,371319;63,704569;4,4235955;2,1968745;763,788859
11/02/2023;80,461116;2,772314;170,369894;10,595881;-;111,655714;156,803438;74,195536;3,905363;13,014563;60,538776;3,5671485;2,2020205;690,081764
12/02/2023;75,440808;6,048641;161,529269;7,174091;-;110,496379;146,984829;68,189973;2,347349;12,638631;59,308768;3,730093;2,269262;656,158093
13/02/2023;90,556734;4,590004;169,341248;10,758277;-;161,747437;153,124283;79,129855;8,731755;12,75654;61,280221;3,6626965;2,2915935;757,970644
14/02/2023;79,253857;1,755702;170,269313;9,357442;-;157,314746;216,527355;58,88502;3,15441;12,807851;62,220383;3,597986;2,228213;777,372278
15/02/2023;86,517356;6,952848;170,2766;14,352852;-;203,06776;116,14027;71,523691;4,504724;13,166947;63,142056;3,5608185;2,2484685;755,454391
16/02/2023;89,054662;11,245652;170,372143;20,899416;-;198,808048;58,767522;87,788701;7,30703;12,776086;64,679672;3,357333;2,044849;727,101114
17/02/2023;73,442845;9,145152;170,409227;16,843099;-;141,679071;135,074086;74,648091;2,792815;12,833425;65,918116;3,5628385;2,1110425;708,459808
18/02/2023;68,299158;7,688258;164,524622;8,970911;-;92,996765;108,783957;65,505322;1,516238;13,011702;63,233596;3,9422285;2,4423375;600,915095
19/02/2023;59,875652;9,648679;170,180492;7,091353;-;104,490364;119,477476;66,124495;0,463934;12,802247;61,679194;3,899129;2,407422;618,140437
20/02/2023;68,080122;6,246898;170,204162;14,165296;-;149,556544;140,929328;62,899312;0,685372;12,342577;62,857631;3,7912805;2,3972315;694,155754
21/02/2023;82,695031;12,663823;170,117619;18,94368;-;204,018398;71,582761;68,74352;2,192451;12,676545;62,275071;4,0469525;2,4179425;712,373794
22/02/2023;82,825217;12,313124;161,923819;21,558315;-;209,665953;61,50549;79,764976;5,140836;12,446883;64,004936;3,8027975;2,4319185;717,384265
23/02/2023;75,230436;5,346866;145,993463;16,635788;-;164,403754;149,071235;69,759176;8,738428;12,411547;64,613729;3,602728;2,370482;718,177632
24/02/2023;91,134019;6,565731;146,058008;15,628511;-;200,950368;73,495833;91,546422;11,124783;13,197969;63,729474;3,5264685;2,1946345;719,152221
25/02/2023;82,487059;4,037455;146,104394;14,072902;-;141,413963;106,288622;68,855123;2,826381;13,035075;60,777417;3,9093055;2,4445795;646,252276
26/02/2023;43,717016;10,326351;146,082892;11,472227;-;64,195258;344,430976;77,681889;6,860604;11,957892;53,901305;3,7522995;2,3141095;776,692819
27/02/2023;45,448568;23,632863;146,032302;14,473821;-;71,260149;398,849931;99,250914;14,756017;12,602802;60,802933;3,67082;2,184509;892,965629
28/02/2023;63,396007;17,535068;145,997046;14,656635;-;91,925469;317,525274;105,481136;16,601014;12,685667;62,144357;3,452927;2,190454;853,591054
01/03/2023;83,350764;8,424526;145,983932;15,663208;-;185,026215;185,331527;103,73567;15,965017;13,344304;63,114761;3,9426205;2,3244255;826,20697
02/03/2023;85,07855;7,351359;145,932687;19,851131;-;177,981515;211,16057;107,340552;16,36425;13,329451;65,467751;4,08686;2,347507;856,292183
03/03/2023;83,104412;7,731886;145,980553;20,305105;-;177,925027;181,802376;111,334243;17,410389;13,00731;64,122154;3,9994705;2,2323625;828,955288
04/03/2023;88,10763;8,530169;152,824939;17,620208;-;144,648679;100,621249;105,171857;10,977044;12,354591;62,677733;4,08731;2,293215;709,914624
05/03/2023;92,544088;7,702421;168,523756;17,291182;-;195,34367;62,971556;48,205286;0,490394;12,457672;63,283453;3,980794;2,08825;674,882522
06/03/2023;84,409242;3,054709;169,916214;17,948521;-;218,074998;150,926663;50,202547;0,633424;11,489743;63,721997;4,0499215;2,2397015;776,667681
07/03/2023;48,985189;10,339396;170,008036;13,403372;-;56,548277;335,637116;68,211185;2,964728;10,91706;61,140143;3,976056;2,240437;784,370995
08/03/2023;52,837086;16,293425;169,725796;13,403777;-;37,147976;391,536431;57,461302;1,985084;10,735862;58,513688;3,6171895;2,1040825;815,361699
09/03/2023;50,383962;16,841714;169,645598;13,557896;-;18,826891;410,04741;52,930995;1,915281;9,835298;55,174892;3,4691345;1,9882265;804,617298
10/03/2023;43,962072;20,122803;169,636023;13,735239;-;21,152511;386,747868;93,355465;10,263846;8,951891;49,194795;3,171804;1,832458;822,126775
11/03/2023;42,298685;18,489174;167,647286;12,343765;-;24,900496;345,614213;76,153005;7,110975;8,144377;41,301852;3,074434;1,787091;748,865353
12/03/2023;60,876574;29,373629;169,44226;11,675608;-;47,187498;178,242882;105,931066;13,789722;9,844402;48,722772;3,325038;1,948455;680,359906
13/03/2023;51,441597;20,874337;169,802316;13,503595;-;32,720825;285,264538;92,934036;11,109445;8,523037;43,997034;3,2412825;1,8774425;735,289485
14/03/2023;60,708864;25,349419;169,949382;14,086846;-;65,708019;253,572098;112,035936;17,852533;8,683642;48,041545;3,2849785;1,8301315;781,103394
15/03/2023;93,695841;17,951724;162,539297;13,857466;-;126,591746;90,627562;123,155582;20,688526;9,77255;62,557846;3,7202255;2,1717055;727,330071
16/03/2023;65,308261;21,313343;168,914436;13,837592;-;54,819573;230,266515;108,712886;16,036555;9,899079;58,873543;3,4966085;2,0826295;753,561021
17/03/2023;60,955727;23,695264;169,340395;13,806394;-;48,498376;279,300602;84,449693;7,703879;9,445181;57,208178;3,524241;2,046538;759,974468
18/03/2023;72,534053;15,602729;169,567933;11,791749;-;50,86076;180,759269;81,072892;5,535801;10,313761;59,853186;3,8440715;2,1299225;663,866127
19/03/2023;64,775279;14,609797;169,585412;11,886324;-;99,346322;86,936889;113,713955;18,148825;10,365394;58,780012;3,3378925;1,7727695;653,258871
20/03/2023;82,652643;14,844348;169,480197;12,853544;-;129,219759;70,575761;122,399384;21,025801;10,257944;63,074376;3,6478245;1,9189215;701,950503
21/03/2023;82,143888;18,928624;169,28269;12,409434;-;128,137589;55,322572;121,116331;20,087607;10,065301;63,184166;3,5364445;1,9290415;686,143688
22/03/2023;70,638351;19,500767;169,329332;13,848913;-;77,829996;123,574328;120,02599;21,52406;9,914736;60,249226;3,435451;1,880159;691,751309
23/03/2023;60,477484;21,143645;169,100069;13,133372;-;48,92546;202,245596;112,191449;18,655134;9,698604;59,460252;3,4330665;1,8214315;720,285563
24/03/2023;57,729896;22,532709;168,983948;12,779627;-0,000001;49,381747;251,907216;86,766277;8,255452;9,27671;52,767784;3,4107855;1,9256545;725,717805
25/03/2023;47,091145;23,271228;168,564392;10,875544;-;40,225856;161,716333;110,425965;19,743417;9,095009;44,401978;3,4043525;2,0262745;640,841494
26/03/2023;32,888513;14,436731;154,143184;10,3315;-;34,663801;252,453249;95,685726;16,979489;6,794882;36,575433;3,1490275;1,8876365;659,989172
27/03/2023;70,243539;17,479408;166,832685;12,066328;-;88,080328;164,047657;123,893223;16,661564;9,014311;57,392178;3,5368665;1,9338655;731,181953
28/03/2023;83,399186;22,069443;169,16541;11,773579;-;100,413642;105,001492;130,540005;20,283529;9,868812;62,380583;3,580978;1,825917;720,302576
29/03/2023;62,543843;28,405594;169,124413;11,689247;-;45,259787;205,518854;115,048066;21,377637;9,300105;55,682288;3,317364;1,822505;729,089703
30/03/2023;56,864087;26,906259;168,454359;11,447554;-;35,798603;255,333302;104,593834;17,925851;7,606632;45,63808;3,408205;1,883658;735,860424
31/03/2023;51,164837;16,909224;134,862735;11,839954;-;35,025167;367,88575;87,559743;10,47436;4,768278;40,210726;3,270361;1,980615;765,95175
01/04/2023;40,248114;21,940538;134,466678;10,802294;-;39,755472;276,2815;94,082116;12,888024;5,625264;40,113936;3,3824435;2,1337755;681,720155
02/04/2023;34,197905;25,131353;136,921533;10,418639;-;44,125946;232,334051;110,542928;23,268061;4,926149;37,879973;3,2461045;2,0266145;665,019257
03/04/2023;69,329209;28,960226;166,37803;10,660972;-;67,090021;161,032334;127,716405;22,8231;6,292277;43,8881;3,348581;1,986181;709,505436
04/04/2023;54,985042;21,292941;168,991421;11,354042;-;40,346074;247,312059;115,564174;15,413019;7,037574;46,850892;3,1133505;2,0700255;734,330614
05/04/2023;77,046054;16,233115;169,039573;11,788498;-;56,043456;132,932564;138,051646;24,266651;9,400001;54,425944;2,8789515;2,0935645;694,200018
06/04/2023;59,183754;20,648526;168,988084;11,263044;-;63,421334;123,083455;132,054928;23,229326;9,698148;51,63968;2,8816125;1,9608685;668,05276
07/04/2023;49,932111;25,564572;167,804464;10,996108;-;91,202829;72,07634;126,728829;25,691873;9,282969;48,507773;2,8834055;1,9296475;632,600921
08/04/2023;58,483892;26,605588;168,695932;10,764679;-;92,219451;63,900105;132,235682;25,672;9,185462;48,544827;2,7852655;1,8330795;640,925963
09/04/2023;47,569809;26,835824;167,518883;10,550553;-;91,373643;58,32644;115,288476;18,418683;9,220732;47,957819;2,853549;1,967243;597,881654
10/04/2023;42,480448;19,397041;168,200379;9,99167;-;68,141264;105,331748;113,704173;17,25791;8,263526;47,661426;2,936615;1,987846;605,354046
11/04/2023;62,807573;22,633245;168,160234;7,535065;-;65,458767;129,178527;137,759791;23,550866;10,038252;54,17161;3,1428835;1,9803985;686,417212
12/04/2023;37,223328;20,991668;168,03729;7,683579;-;43,853866;305,091082;103,728904;16,319046;8,908279;48,189919;2,9743595;2,0464655;765,047786
13/04/2023;44,00742;21,003627;166,978304;7,893731;-;44,654267;254,329914;120,786009;21,017142;8,315302;49,495773;2,426549;1,434827;742,342865
14/04/2023;42,654364;22,899376;167,937892;6,980425;-;27,911365;294,959881;110,063681;21,67325;7,36383;49,423568;2,3290455;1,3279855;755,524663
15/04/2023;37,534886;20,849803;166,498032;6,349264;-;37,206804;261,839309;121,498361;25,713102;6,005654;43,456163;2,19795;1,344062;730,49339
16/04/2023;34,138521;31,838341;163,294961;5,816205;-;50,987766;181,704953;118,557551;28,340539;5,928822;43,018521;2,1162595;1,2544385;666,996878
17/04/2023;50,953305;22,821995;144,112885;6,780928;-;50,151801;204,350823;142,948286;27,540991;7,9805;53,324677;2,296497;1,201919;714,464607
18/04/2023;52,271946;16,037024;144,174685;8,173479;-;64,860893;190,001805;142,141084;26,190131;9,224161;61,058153;2,378376;1,171639;717,683376
19/04/2023;52,647525;19,245259;144,286979;8,700031;-;97,217428;124,699872;135,707385;22,30857;9,947568;61,435664;2,7940885;1,2127575;680,203127
20/04/2023;58,791702;21,105063;144,203974;9,911203;-;130,479453;75,424784;137,963075;21,725459;9,628195;62,167347;2,845538;1,28654;675,532333
21/04/2023;57,156612;21,786623;144,046388;9,252297;-;110,755605;149,296485;113,862931;14,095281;10,635093;62,206523;2,7461565;1,2695505;697,109545
22/04/2023;46,475517;17,600824;144,004226;6,160403;-;65,212548;155,152959;107,309379;13,14011;10,448036;56,465539;2,706784;1,244889;625,921214
23/04/2023;30,302074;14,879379;142,941437;5,938488;-;61,007218;182,553041;115,373241;25,334757;8,569468;51,29129;2,706917;1,29651;642,19382
24/04/2023;48,352756;18,574084;143,911607;7,319276;-;91,300145;112,960905;144,035835;26,434634;10,654565;60,727137;2,833896;1,312903;668,417743
25/04/2023;48,448092;23,316357;143,327954;7,169152;-;107,397571;128,059698;143,097254;26,170731;11,50202;60,800816;2,7419035;1,2654645;703,297013
26/04/2023;62,392091;11,050964;136,52096;8,335881;-;164,828672;61,160319;144,105798;26,006305;11,771652;60,761443;2,7780665;1,2482635;690,960415
27/04/2023;66,406546;16,62382;140,502772;4,87263;-;188,164985;58,808058;124,43649;18,698645;12,034525;61,195026;2,31515;1,316238;695,374885
28/04/2023;66,610468;10,498838;135,323538;5,002699;-;147,119219;123,487879;108,856135;10,274807;12,555376;60,778037;1,9294675;1,2440265;683,68049
29/04/2023;55,16003;10,258977;120,817992;4,640205;-;98,688907;159,232492;102,190352;12,672392;11,518088;55,674329;1,803815;1,204035;633,861614
30/04/2023;42,629849;14,965261;121,165925;7,356804;-;86,724256;170,497863;108,278024;9,587556;10,420356;50,250039;1,6907685;1,0937125;624,660414
01/05/2023;33,720198;19,365502;120,47099;11,645302;-;84,351226;129,459549;127,410251;24,919038;9,623229;45,942651;1,5762245;1,0272965;609,511457
02/05/2023;54,034235;17,578309;121,42083;11,761013;-;122,349037;96,803174;133,610525;17,295531;10,778999;55,309805;1,682766;1,03286;643,657084
03/05/2023;46,145854;8,936591;121,464249;9,570478;-;86,709239;205,645809;124,629996;13,592483;10,976568;55,943453;1,6621905;1,0219815;686,298892
04/05/2023;51,689552;15,447857;121,330525;7,597293;-;73,558925;169,210402;140,307581;19,91422;11,436762;55,399514;1,9603075;1,3007975;669,153736
05/05/2023;57,427453;18,402763;121,319774;7,68998;-;116,936761;92,020375;154,873983;26,523157;12,070616;56,390829;1,883324;1,248861;666,787876
06/05/2023;44,257791;9,140005;121,282756;7,520177;-;88,278249;106,975457;142,157959;25,937465;12,056005;54,154468;1,6585905;1,0294875;614,44841
07/05/2023;42,848744;11,56503;121,462534;6,387274;-;77,478605;125,867056;141,865506;25,883546;10,93331;49,870014;1,255115;0,810702;616,227436
08/05/2023;56,648522;14,129733;121,453351;7,078562;-;103,224129;115,505123;140,532559;20,911858;11,363794;54,880283;1,437404;0,799574;647,964892
09/05/2023;45,099712;16,095623;121,351199;6,819018;-;94,1954;178,845396;138,104778;21,743426;11,405492;52,228439;1,340001;0,780584;688,009068
10/05/2023;49,008657;16,055958;121,580529;6,640871;-;88,094757;198,427933;154,144157;24,765607;11,608527;53,515612;1,381209;0,742297;725,966114
11/05/2023;44,842948;18,261228;121,624561;6,819348;-;77,274298;210,012388;146,752865;26,172787;11,432108;57,206622;1,472691;0,799884;722,671728
12/05/2023;42,903232;18,756356;121,515682;6,914107;-;83,658629;206,562717;135,921272;25,615319;11,275954;57,754042;1,446041;0,807612;713,130963
13/05/2023;32,980164;20,640655;115,029818;6,491588;-;69,48486;211,178183;133,486008;26,425953;10,196437;50,310215;1,490987;0,836323;678,551191
14/05/2023;30,710133;21,657876;121,435908;5,874698;-;69,838224;191,084616;122,036704;23,140789;9,701005;45,312229;1,4855175;0,8392765;643,116976
15/05/2023;37,818177;21,045221;121,485045;7,482362;-;72,237318;245,642403;143,739546;24,162259;10,144253;48,936337;1,3549295;0,7188235;734,766674
16/05/2023;34,458341;25,732989;96,982992;7,189085;-;63,886422;304,646935;150,357418;22,887797;9,907508;47,863301;1,2647855;0,6264465;765,80402
17/05/2023;29,733166;18,832496;106,044239;7,01962;-;51,578405;331,52266;121,457281;9,3396;10,099035;49,981868;1,388752;0,688222;737,685344
18/05/2023;33,674971;20,437811;117,61357;6,882575;-;56,301011;298,828218;125,638329;13,84005;9,880148;51,040535;1,352142;0,826974;736,316334
19/05/2023;39,391187;21,929122;119,93095;7,186867;-;54,292889;275,613765;126,942546;19,44867;10,478032;52,840959;2,208285;1,049823;731,313095
20/05/2023;37,525256;20,205694;120,546302;6,148863;-;54,848886;205,816682;109,322063;9,367585;10,221539;47,884407;2,008075;0,734549;624,629901
21/05/2023;40,887321;21,201462;125,878255;5,708494;-;67,148643;175,380252;100,229025;2,143893;9,900395;45,943342;1,836698;0,727822;596,985602
22/05/2023;63,652903;18,677974;133,128459;7,500786;-;99,938233;165,923626;76,653808;0,140092;10,94032;58,35393;1,457733;0,710969;637,078833
23/05/2023;53,25832;7,497405;138,698926;6,659208;-;104,928739;186,741584;76,804731;0,71584;11,106635;60,837155;1,3404425;0,8046815;649,393667
24/05/2023;48,416555;8,426066;119,531345;6,881288;-;114,367039;152,997131;111,70646;10,49235;11,450641;62,229546;1,5563615;0,7730065;648,827789
25/05/2023;42,254196;9,649513;120,755341;7,192102;-;74,920732;210,591877;122,145275;17,079696;11,039654;60,763682;2,6219795;1,2987695;680,312817
26/05/2023;37,458217;13,151883;121,561354;6,822718;-;69,495416;216,764815;92,940759;8,353975;10,71732;59,653992;2,9508805;1,6801115;641,551441
27/05/2023;47,104372;12,311236;121,566568;6,166068;-;122,995578;91,994628;72,473665;1,565216;11,545449;59,355591;3,098299;1,835058;552,011728
28/05/2023;38,369059;10,817663;121,524555;6,062234;-;120,512845;60,387823;84,805544;2,524208;11,136814;56,632674;3,082308;1,822017;517,677744
29/05/2023;49,008145;8,920884;121,483701;11,003693;-;132,890414;76,764148;104,936467;7,941542;11,347489;60,520212;3,2144695;1,8439275;589,875092
30/05/2023;64,459857;9,343901;121,398005;13,205931;-;166,675866;48,046773;105,623833;10,108797;11,345168;60,959656;3,085002;1,758447;616,011236
31/05/2023;59,340747;8,348557;120,896078;12,477475;-;164,011276;38,979335;127,831451;17,339967;11,25438;60,086819;3,1187115;1,7614085;625,446205
01/06/2023;71,548756;10,58745;121,241936;12,414872;-;156,844899;65,059614;98,334596;12,07712;10,995279;58,549681;3,011119;1,608173;622,273495
02/06/2023;72,285464;7,882147;121,188778;12,454208;-;132,941572;59,870452;103,15506;7,468979;11,079615;59,357273;3,2228165;1,8099705;592,716335
03/06/2023;51,408428;11,534861;121,114593;12,057485;-;121,796538;36,788606;118,734697;15,06917;11,694477;55,979718;3,2535585;1,8464715;561,278603
04/06/2023;43,518343;14,742561;120,981212;11,829295;-;109,002257;35,13958;115,056943;16,903819;10,372483;51,864399;3,1533715;1,8366155;534,400879
05/06/2023;69,79041;5,709447;121,026317;12,513314;-;154,962824;43,018535;125,779821;19,019038;9,528573;55,489548;3,2270165;1,8490345;621,913878
06/06/2023;67,378208;6,467896;121,10032;12,37955;-;137,0073;84,022016;136,847603;20,0738;9,194063;57,978206;3,2015245;1,8514155;657,501902
07/06/2023;69,142391;13,856502;121,087271;12,385929;-;141,184168;136,023593;59,511673;2,427138;10,0675;57,958092;3,0879595;1,7356875;628,467904
08/06/2023;72,861396;11,036589;120,781131;12,388049;-;144,457367;113,059983;65,617498;0,870707;9,360538;57,435375;3,049577;1,640271;612,558481
09/06/2023;62,992653;8,102969;120,258297;11,612522;-;92,664841;171,553301;119,059599;6,168594;9,673383;57,770918;3,0796985;1,6426165;664,579392
10/06/2023;60,253015;10,155971;118,589195;6,542212;-;94,727723;55,950822;133,246914;14,750644;11,104449;55,252398;3,5000245;1,9201885;565,993556
11/06/2023;51,693544;13,716021;120,008249;6,048123;-;109,342971;49,461011;128,743105;20,259721;10,453594;52,211351;3,8745335;2,2062775;568,018501
12/06/2023;78,258972;7,383155;119,941789;9,312787;-;180,079692;47,23913;123,41296;15,585083;10,646417;57,260391;3,964283;2,230051;655,31471
13/06/2023;74,273161;8,261417;119,863872;9,94694;-;129,1052;115,547297;123,695021;16,040803;10,381738;58,03338;3,9706965;2,3282965;671,447822
14/06/2023;68,644597;10,864646;119,990385;9,939806;-;109,535214;158,2728;141,413497;25,2896;10,438639;56,227024;3,955057;2,352179;716,923444
15/06/2023;77,025344;12,609904;119,741816;10,336587;-;138,099254;94,386376;150,998415;28,254943;10,651196;58,610088;4,105805;2,424016;707,243744
16/06/2023;85,667226;5,784295;123,549603;10,778718;-;160,213209;54,170406;149,538472;27,401419;11,085687;58,866316;4,1411115;2,4431765;693,639639
17/06/2023;63,668488;11,507788;126,318427;7,131777;-;99,292921;99,004315;139,110959;26,078707;10,962264;53,230674;3,9267695;2,3896185;642,622708
18/06/2023;47,809025;8,037883;135,202703;5,971351;-;102,071951;142,455529;111,457207;17,083978;10,948238;51,505585;4,030892;2,452029;639,026371
19/06/2023;71,135526;11,491378;141,625072;8,513983;-;158,280655;107,023682;117,075356;13,033677;11,068709;57,052459;4,1101005;2,4376585;702,848256
20/06/2023;71,184663;13,416553;141,725333;12,546961;-;205,503997;68,055712;119,208657;10,806636;10,998348;58,3913;4,0666005;2,3927535;718,297514
21/06/2023;82,971081;6,224598;136,554481;12,908521;-;209,745802;61,184429;99,419187;10,206002;10,942079;58,336842;4,030474;2,420789;694,944285
22/06/2023;67,679157;6,350647;118,115288;12,267104;-;191,358792;67,967583;152,976414;25,806814;11,438928;57,547846;4,0039625;2,4219435;717,934479
23/06/2023;63,127998;5,795586;131,671016;12,016568;-;154,000843;90,535873;147,134888;29,116851;11,599096;57,340028;3,7212975;2,4123575;708,472402
24/06/2023;51,757325;9,295295;161,406102;6,355218;-;89,220357;90,213212;147,443564;30,239434;11,064196;50,911839;3,521798;2,453946;653,882286
25/06/2023;46,451803;16,02506;164,64049;6,058849;-;106,850643;77,503663;134,497397;28,563865;10,852123;48,472487;3,4436185;2,3694495;645,729448
26/06/2023;56,054272;10,200315;162,714091;7,578773;-;109,294908;190,322918;146,182314;25,489255;10,569335;53,943404;3,079776;2,020689;777,45005
27/06/2023;67,472719;10,161099;163,185061;8,668452;-;125,983311;188,310909;135,641816;18,762244;10,878377;56,938869;3,093072;2,18254;791,278469
28/06/2023;60,820937;5,529873;164,391431;8,792756;-;167,866;129,844368;136,951155;15,825867;10,908219;59,355071;3,8029485;2,5162365;766,604862
29/06/2023;41,098933;3,870967;164,994215;7,748902;-;131,826697;194,949969;143,844081;20,246918;11,392466;57,59709;3,427216;2,432395;783,429849
30/06/2023;45,880288;12,238727;165,712736;8,149934;-;89,485438;190,82212;153,698323;22,983131;10,382974;52,571832;2,8038465;2,3919535;757,121303
01/07/2023;34,174696;19,403265;166,091234;6,60398;-;75,790452;128,010645;145,871471;26,449156;9,909933;40,270081;3,2102485;2,2856605;658,070822
02/07/2023;35,80032;16,364956;163,537278;6,248205;-;63,407682;151,956345;134,487926;26,726116;9,298283;35,778855;3,249079;2,366755;649,2218
03/07/2023;49,094636;10,249323;165,240915;7,679227;-;120,487203;106,782799;140,551684;27,35018;10,402389;49,979327;3,752477;2,500894;694,071054
04/07/2023;46,559661;6,031627;165,391724;8,30709;-;154,316272;88,800117;148,664931;29,281445;10,871179;52,171121;3,9437585;2,4156885;716,754614
05/07/2023;49,927662;10,139648;165,719285;8,412074;-;161,281616;78,029;129,220776;22,947685;10,788335;51,835495;3,745054;2,15732;694,20395
06/07/2023;50,311439;6,137467;165,661308;8,755411;-;174,29664;93,881448;130,768914;24,594486;10,290924;52,871379;3,6492255;2,0982165;723,316858
07/07/2023;41,432158;9,9939;165,791555;8,535659;-;132,98694;150,229408;142,270226;27,453014;10,424279;52,960437;3,5404965;2,0561495;747,674222
08/07/2023;39,264004;15,307555;165,802766;7,264814;-;125,589048;97,068979;146,539412;28,341184;10,224318;43,908696;3,759033;2,326384;685,396193
09/07/2023;34,983534;8,364031;165,389799;6,955773;-;135,118275;60,548207;141,46847;26,529616;9,916757;42,198529;3,7531125;2,3669495;637,593053
10/07/2023;53,046544;9,196713;165,367499;9,861258;-;227,487554;74,573804;138,950697;22,620473;10,277931;49,718589;4,005628;2,43722;767,54391
11/07/2023;55,195025;9,549778;164,853342;12,876689;-;191,436925;125,647182;146,01068;20,710399;10,67242;50,232302;3,856291;2,339172;793,380205
12/07/2023;46,839432;9,632149;165,844718;8,251815;-;186,310884;131,077108;141,024876;22,585896;10,735848;51,677105;3,6586055;2,2158295;779,854266
13/07/2023;47,046326;9,274626;165,759923;8,076752;-;213,378771;84,287477;153,361223;28,000559;10,798084;53,571076;3,6799885;2,2123605;779,447166
14/07/2023;40,31131;13,684002;165,637581;7,920012;-;149,32939;169,889147;157,68354;28,271545;9,963355;50,771577;3,607844;2,179705;799,249008
15/07/2023;30,160549;16,457308;165,566157;6,910867;-;72,976459;169,966672;144,018323;26,752449;8,82927;41,180383;3,497238;2,19971;688,515385
16/07/2023;32,985239;16,27919;165,936894;6,651987;-;75,13797;104,512052;143,715978;24,459301;8,495983;39,813403;3,5245145;2,2311175;623,743629
17/07/2023;42,765581;11,617897;165,228064;7,820086;-;177,781333;139,528468;132,206136;19,797719;9,321051;49,73686;3,6337195;2,1996905;761,636605
18/07/2023;53,573234;11,168045;164,567186;8,277069;-;238,067241;122,012477;130,778801;12,677501;10,542601;52,911047;3,7333395;2,2104735;810,519015
19/07/2023;50,858215;5,213042;164,83411;7,662319;-;228,37116;130,693162;140,081435;15,627332;10,720034;53,25623;3,8227955;2,2654365;813,405271
20/07/2023;44,210669;2,862708;164,947425;7,864527;-;180,154095;146,575287;145,612721;21,213632;10,271736;53,574428;3,875298;2,320658;783,483184
21/07/2023;38,383169;7,762394;165,511668;7,827641;-;127,512401;164,66151;145,236455;22,665519;9,44234;50,655763;3,4604665;2,3627775;745,482104
22/07/2023;40,49969;5,672811;162,730551;7,187886;0,000001;99,177578;90,690536;144,016865;24,291284;10,492021;46,80305;3,8922615;2,3609845;637,815519
23/07/2023;34,641747;8,81198;164,91867;6,552494;-;86,946133;111,100835;136,090658;19,696846;10,397881;39,161408;3,7362615;2,2867805;624,341694
24/07/2023;38,794368;5,73628;165,598009;6,669574;-;110,071877;181,333265;145,438986;24,206733;10,660269;46,198439;3,6338115;2,2755985;740,61721
25/07/2023;35,397981;9,601655;166,34638;11,008402;-;110,027453;151,235794;156,01364;29,040042;9,852825;46,954885;3,6869785;2,2463765;731,412412
26/07/2023;37,792261;10,914097;166,34946;13,823031;-;145,621758;89,589224;146,160083;29,674243;10,400879;51,298178;3,623312;2,15018;707,396706
27/07/2023;40,571444;14,594738;165,781893;13,622185;-;152,807426;100,769556;139,561939;27,421481;10,121558;50,738219;3,6651025;2,2450925;721,900634
28/07/2023;43,536865;7,531157;165,831226;13,204102;-;157,946881;91,214969;156,250915;25,652388;10,81808;51,271516;3,858754;2,312671;729,429524
29/07/2023;34,469575;11,127134;165,283326;12,662756;-;95,982022;94,245753;152,351104;26,907158;10,923585;43,938202;3,495986;2,263437;653,650038
30/07/2023;27,431191;9,796616;163,174548;11,61651;-;82,434653;103,289947;145,214957;29,008973;11,183684;39,284678;3,7421295;2,3159015;628,493788
31/07/2023;31,77381;8,313927;164,442465;12,97572;-;131,381972;93,677608;155,883597;27,574126;11,207826;46,974641;3,735525;2,351435;690,292652
01/08/2023;30,870704;12,52929;164,792957;12,772472;-;121,334399;153,41725;158,535446;27,949387;10,575404;46,165584;3,772214;2,371807;745,086914
02/08/2023;32,449041;17,83216;164,734863;12,138135;-;89,104968;178,443472;160,152363;28,449014;10,849794;45,451279;3,702783;2,312646;745,620518
03/08/2023;23,089686;16,087627;165,13041;12,512601;-;82,164306;215,994469;153,366983;28,805144;10,193189;43,18475;3,5440925;2,2808585;756,354116
04/08/2023;25,43879;18,581723;166,450781;7,01306;-;86,711399;218,431377;150,808814;27,361402;10,420631;40,830618;3,674797;2,206433;757,929825
05/08/2023;28,288742;18,429317;166,693954;6,706766;-0,000001;77,024996;170,475358;138,605197;28,868104;10,604795;36,678384;3,4436095;2,1878955;688,007117
06/08/2023;22,487636;19,172113;163,783054;6,404975;-;58,330584;209,709095;130,496621;29,064034;7,774679;26,873974;3,295861;1,982144;679,37477
07/08/2023;27,164801;19,648918;164,859006;7,989032;-;69,214545;173,526116;149,100481;25,245499;10,315351;39,134352;3,287921;1,900594;691,386616
08/08/2023;42,467313;18,943772;163,463202;14,027502;-;134,993371;98,633324;138,652639;16,117271;10,932885;46,647382;3,305746;1,860592;690,044999
09/08/2023;42,59164;7,844048;162,433002;14,643909;-;230,715888;77,077575;118,610193;4,316471;10,121551;46,65293;3,1134895;1,7200085;719,840705
10/08/2023;32,19114;8,912379;159,799788;13,801047;-;165,304277;133,236174;148,160655;17,469381;10,971932;46,357354;3,231278;1,942398;741,377803
11/08/2023;38,856794;8,008579;162,703566;13,893412;-;157,242179;68,670588;155,471086;26,094707;11,398489;45,167503;3,265116;2,099659;692,871678
12/08/2023;30,205297;12,831108;163,178184;14,405392;-;106,835241;83,563;152,497888;27,375659;12,087833;38,119306;3,550829;2,097313;646,74705
13/08/2023;23,336836;13,583072;152,80681;13,937137;-;86,171011;125,163516;144,190953;27,570079;11,612644;33,350322;3,524192;2,141963;637,388535
14/08/2023;27,189763;15,506217;142,003825;14,18045;-;121,243217;123,516297;151,778709;26,125687;12,119497;38,280376;3,46664;2,145071;677,555749
15/08/2023;27,410056;18,284397;160,2535;13,666066;-;113,68918;100,170686;141,16781;21,54973;12,200562;38,610684;3,556769;2,102833;652,662273
16/08/2023;27,762083;8,605101;162,80498;14,131577;-;145,391776;103,244703;146,018986;22,823555;11,780986;42,574052;3,469238;2,119375;690,726412
17/08/2023;29,171669;8,995906;162,78795;14,582396;-;167,967897;68,405129;152,642907;26,577691;12,003014;45,032927;3,3033445;2,1006695;693,5715
18/08/2023;32,989344;13,558155;160,447406;14,450676;-;142,832336;133,755567;137,459166;23,333482;12,269215;43,875417;3,271806;2,02829;720,27086
19/08/2023;32,534422;16,158454;160,96828;13,779516;-;146,726908;54,70359;149,210823;24,137892;11,549077;40,662316;3,292711;1,990413;655,714402
20/08/2023;31,512687;9,790465;160,984289;13,807164;-;173,592561;48,26657;146,438738;25,372143;11,404882;37,997142;3,3900155;1,8133055;664,369962
21/08/2023;48,404865;7,196446;161,231125;15,382855;-;218,328431;94,206284;145,719027;23,553161;10,551729;41,716732;3,3650225;1,7830945;771,438772
22/08/2023;43,260146;6,98758;161,324811;15,606345;-;221,763784;112,254459;144,049189;24,628415;11,480852;42,503892;3,329661;1,768941;788,958075
23/08/2023;36,492818;9,097071;160,576554;16,776628;-;263,867134;106,676885;142,594063;24,717245;11,434489;43,525709;3,3746015;1,8799185;821,013116
24/08/2023;31,498403;11,690619;159,578494;19,609273;-;261,142905;103,385853;143,480429;24,814284;11,321816;44,589518;3,089143;1,757546;815,958283
25/08/2023;28,844088;10,645322;157,323844;14,898874;-;266,835442;124,607842;131,684744;16,689833;11,751833;45,085695;3,287143;1,900788;813,555448
26/08/2023;28,130426;11,542603;159,816234;13,197043;-;146,811186;170,52283;85,459868;4,547512;11,007966;41,195834;3,441262;2,105824;677,778588
27/08/2023;17,594239;11,206343;160,264019;11,64904;-;62,41278;249,591685;110,314204;21,000379;9,36687;29,941026;2,968576;2,004097;688,313258
28/08/2023;25,750043;17,892953;164,366536;12,78513;-;84,287788;218,145465;136,797185;25,832298;9,827098;39,751371;3,1949225;2,0177405;740,64853
29/08/2023;22,602569;21,471723;164,239953;12,547974;-;100,772656;174,030182;133,376259;23,796762;10,058427;44,371664;3,021097;1,895117;712,184383
30/08/2023;34,891;12,846715;164,293422;12,269191;-;109,684732;122,839216;134,4854;22,82951;10,18071;46,553152;3,330207;1,722966;675,926221
31/08/2023;35,842871;13,335903;164,179748;12,41844;-;155,635108;68,945514;140,004252;22,708511;11,19525;47,665991;3,4188305;1,8526285;677,203047
01/09/2023;33,497667;13,196175;156,851092;12,306573;-;140,421195;134,174414;130,120898;19,146216;11,426207;49,597563;3,6741825;2,0604015;706,472584
02/09/2023;22,466056;6,575084;140,614573;11,915855;-;100,773701;172,986546;69,022068;3,661855;11,791385;44,400781;3,661714;2,122576;589,992194
03/09/2023;23,326362;11,182778;149,024695;11,156536;-;67,749986;284,156863;38,609272;0,206282;10,831048;35,276217;3,473916;2,054904;637,048859
04/09/2023;25,66545;16,488284;160,509454;12,262755;-;91,628518;216,13477;104,102443;9,772251;9,920102;41,715105;3,3863155;2,0582395;693,643687
05/09/2023;33,31618;7,845355;157,707494;12,886907;-;151,177713;111,747833;119,27539;12,877935;10,968092;47,995914;3,2335925;2,0766845;671,10909
06/09/2023;39,302931;10,219301;163,134016;13,21111;-;187,894874;80,580778;120,944221;12,965669;11,150663;49,55995;3,427997;2,118079;694,509589
07/09/2023;43,271387;12,135661;163,139943;12,887983;-;174,74745;87,405873;104,815375;6,250833;11,032662;50,28448;3,483364;2,104168;671,559179
08/09/2023;38,887202;10,480109;163,231062;10,475008;-;171,812818;90,227195;123,698742;14,269088;10,216331;48,619388;3,476365;2,127025;687,520333
09/09/2023;26,318237;13,192948;162,557189;10,677316;-;118,201737;108,064049;106,916506;8,298813;10,47226;44,647221;3,451548;2,093201;614,891025
10/09/2023;22,615068;12,419169;163,778663;11,498991;-;133,395141;69,374137;118,820622;15,358585;10,38252;44,262957;3,5237685;2,0762655;607,505887
11/09/2023;34,34839;5,242136;163,514484;13,165189;-;186,308003;51,582023;115,845097;14,417226;10,065503;48,464558;3,5898305;2,1002655;648,642705
12/09/2023;36,116729;4,400221;163,486687;12,824416;-;216,43309;56,027949;115,448227;18,173901;10,830522;49,894726;3,1974835;1,7377075;688,571659
13/09/2023;27,171221;7,140595;163,605227;12,754489;-;179,792265;115,605618;124,225786;19,163019;10,803353;50,550908;2,628653;1,223804;714,664938
14/09/2023;24,739108;8,77107;162,714088;12,960677;-;176,167566;109,3198;109,637846;14,43012;10,601471;50,458118;3,4400745;1,9588245;685,198763
15/09/2023;30,978742;10,597651;163,696507;12,429409;-;183,005483;98,661735;81,937387;6,282017;10,789576;52,022942;3,523812;2,090101;656,015362
16/09/2023;24,084453;10,799887;163,841971;12,120596;-;101,242204;121,586735;70,75284;1,329429;9,458615;45,340267;3,3879365;2,0485185;565,993452
17/09/2023;15,476436;11,025302;161,563309;11,542891;-;74,137642;203,635326;80,234555;2,883921;7,408324;37,231708;3,450114;2,165895;610,755423
18/09/2023;31,725851;15,820152;163,895079;12,939179;-;115,856879;119,567891;94,486297;4,758746;7,883463;49,622421;3,6156775;2,2868215;622,458457
19/09/2023;32,983166;7,985467;164,128819;11,991482;-;190,104026;54,767038;113,032158;16,799109;8,699833;50,476795;3,703123;2,287937;656,958953
20/09/2023;28,889155;12,816753;144,412408;12,935368;-;106,990723;148,044314;133,353;20,321971;8,321184;48,992708;3,6440305;2,2258085;670,947423
21/09/2023;19,994485;16,807971;115,415913;13,581407;-;85,695558;294,242496;76,58214;5,231792;8,550296;44,619814;3,6678405;2,1824755;686,572188
22/09/2023;30,954421;17,313393;127,690822;13,241343;-;94,249786;186,37907;129,814949;12,841347;8,843665;48,96529;3,6658865;2,1609335;676,120906
23/09/2023;24,190735;16,396046;139,093834;11,703157;-;122,346847;57,547809;128,16712;19,883371;8,964205;45,90562;3,813869;2,149016;580,161629
24/09/2023;23,229461;14,722586;138,519427;10,768671;-;99,390859;77,207735;121,205331;22,559594;7,497451;39,662218;3,752175;2,227014;560,742522
25/09/2023;38,864647;14,649407;138,506117;15,159155;-;161,248283;56,575273;130,837779;20,530888;7,801214;47,346569;3,8416995;2,3125005;637,673532
26/09/2023;40,6913;10,635073;138,81788;19,501964;-;164,051981;61,692337;123,613951;21,100125;7,734386;48,332107;3,6968825;2,1614335;642,02942
27/09/2023;44,152661;12,962414;138,4902;19,923838;-;153,298364;112,637444;120,747277;19,44864;7,92992;47,058644;3,8212925;2,2748115;682,745506
28/09/2023;41,573717;11,135565;138,407282;19,854569;-;173,476063;87,093276;125,730427;18,097215;7,978977;47,686833;3,652871;2,281276;676,968071
29/09/2023;43,359262;11,965273;138,343817;20,162679;-;185,765035;47,53769;124,038568;19,340823;8,218245;47,469688;3,5561855;2,2575695;652,014835
30/09/2023;27,29429;16,998403;138,176776;12,67864;-;133,428493;70,736465;122,029039;19,32748;8,238502;43,56141;3,5584595;2,2594595;598,287417
01/10/2023;22,193627;15,326548;137,688802;12,142805;-;124,720693;65,010853;127,675913;21,472534;7,059787;41,816482;3,598422;2,311401;581,017867
02/10/2023;25,805687;13,87893;137,998815;13,801517;-;159,03773;119,595054;123,656415;18,326516;7,450225;48,927262;3,6641185;2,3561835;674,498453
03/10/2023;27,052787;10,751625;148,363465;12,7409;-;152,94876;118,903871;117,63763;16,070137;9,839506;48,865555;3,658206;2,348187;669,180629
04/10/2023;27,586157;13,195162;159,640052;13,621423;-0,000001;165,009695;100,617614;118,812669;13,369877;10,227236;50,159314;3,6542345;2,3424575;678,23589
05/10/2023;38,630357;7,382646;154,335239;12,818923;-;202,553519;47,969998;118,490956;15,051556;10,0899;52,869365;3,661592;2,363269;666,21732
06/10/2023;41,491926;10,275258;136,990992;12,881212;-;185,600603;62,83987;117,713248;12,174059;10,802938;53,594889;3,6793415;2,3478245;650,392161
07/10/2023;24,496072;12,323618;137,676308;11,388039;-;120,240508;73,685135;115,4121;10,156522;10,373126;50,409937;3,858976;2,214853;572,235194
08/10/2023;22,832063;13,197372;138,773399;12,255368;-;106,784219;58,411174;118,407011;15,608325;9,808332;48,202812;3,758285;2,159657;550,198017
09/10/2023;41,901714;13,078548;100,722677;16,384137;-;196,618818;53,078754;112,264991;14,944868;10,072637;53,185761;3,90351;2,186552;618,342967
10/10/2023;43,652682;10,48152;93,265672;18,259455;-;238,533146;39,551927;115,962731;15,093094;10,426275;53,010202;3,947916;2,190454;644,375074
11/10/2023;46,629352;15,06123;93,964593;20,34787;-;186,047875;44,506679;120,647551;16,531887;10,88821;51,124037;3,9104975;2,2192335;611,879015
12/10/2023;38,643156;10,88682;115,515185;17,972557;-;129,961312;84,888686;117,457579;16,134804;10,867983;47,119738;3,763799;2,34046;595,552079
13/10/2023;33,715051;13,480264;130,910227;18,35217;-;72,85925;153,501272;86,080042;4,994006;10,101915;47,034698;3,677393;2,359984;577,066272
14/10/2023;41,515935;12,82274;128,407893;18,312266;-;94,291663;77,564145;68,841942;3,828743;10,10299;49,601969;3,6747945;2,3182025;511,283283
15/10/2023;35,307911;10,23823;129,936732;21,068701;-;106,811508;55,796744;76,665594;3,105987;9,772976;47,189303;3,696706;2,22383;501,814222
16/10/2023;57,419346;11,069064;129,981553;26,46521;-;138,864078;99,915236;61,498127;1,001929;9,367616;50,860515;3,9046855;2,2340445;592,581404
17/10/2023;35,188183;12,366468;131,999609;9,728438;-;74,111803;301,573311;63,34033;1,274751;9,197136;42,922326;4,107762;2,314835;688,124952
18/10/2023;24,77114;19,479073;133,319949;8,0405;-;59,590125;374,854413;67,985256;1,317856;7,097495;32,471408;3,79772;2,201459;734,926394
19/10/2023;32,25793;25,214407;131,039958;7,982965;-;63,910208;392,197891;21,934529;0,275675;6,672639;33,337517;3,832915;2,222752;720,879386
20/10/2023;44,077179;15,905278;111,244449;7,931504;-;44,845106;413,648773;69,224857;2,079741;5,998372;24,654642;3,1181045;2,1074645;744,83547
21/10/2023;50,159902;25,379415;111,280289;6,957522;-;69,183532;192,227209;89,273753;7,043773;6,431337;27,840582;3,339343;2,071228;591,187885
22/10/2023;58,543848;12,406019;110,082396;7,685442;-;73,240262;169,731527;36,245172;0,295458;7,536212;31,815214;3,234584;2,018221;512,834355
23/10/2023;77,155247;15,673793;95,158651;9,596451;-;161,405616;147,107126;47,990668;0,208124;7,839378;43,051503;3,267272;1,888011;610,34184
24/10/2023;54,948625;7,680341;94,703322;7,4418;-;83,498516;302,435636;76,558093;3,499201;8,048758;43,592138;3,4840545;2,0537205;687,944205
25/10/2023;50,970374;20,48643;94,794015;7,789197;-;58,199298;393,214637;54,019127;1,421473;7,808797;29,238988;2,9494225;1,9836615;722,87542
26/10/2023;56,774082;23,128102;95,956772;7,719221;-;59,090305;405,786228;36,086271;0,45756;7,846132;26,051907;2,785365;1,746958;723,428903
27/10/2023;68,821036;21,562655;111,80674;7,204325;-;50,118876;353,7075;64,675118;2,08972;6,670614;22,391634;2,3259355;1,2631925;712,637346
28/10/2023;62,897743;20,022257;103,127019;5,91701;-;44,913864;284,911936;67,054483;3,20296;5,496895;19,58895;2,499948;1,321208;620,954273
29/10/2023;73,792282;24,524534;107,225123;6,136823;-;60,791472;239,70904;50,032991;0,996537;5,664992;20,079099;2,733643;1,481276;593,167812
30/10/2023;81,027015;17,344678;115,787653;7,094597;-;63,020149;301,616857;68,187846;4,255661;5,536042;21,174548;3,2561205;1,9651595;690,266326
31/10/2023;104,98906;31,516686;120,036469;7,435128;-;107,300725;177,923453;36,451231;0,454865;7,245297;32,451386;3,6194725;2,2279145;631,651687
