Título,ESTRUCTURA DE LA GENERACIÓN POR TECNOLOGÍAS_01-01-2023_31-10-2023,,,,,,,,,,,,,,,,,,,,,,,,,,,,,,,,,,,,,,,,,,,,,,,,,,,,,,,,,,,,,,,,,,,,,,,,,,,,,,,,,,,,,,,,,,,,,,,,,,,,,,,,,,,,,,,,,,,,,,,,,,,,,,,,,,,,,,,,,,,,,,,,,,,,,,,,,,,,,,,,,,,,,,,,,,,,,,,,,,,,,,,,,,,,,,,,,,,,,,,,,,,,,,,,,,,,,,,,,,,,,,,,,,,,,,,,,,,,,,,,,,,,,,,,,,,,,,,,,,,,,,,,,,,,,,,,,,,,,,,,,,,,,,,,,,,,,,,,,,,,,,,
Sistema eléctrico,Peninsular,,,,,,,,,,,,,,,,,,,,,,,,,,,,,,,,,,,,,,,,,,,,,,,,,,,,,,,,,,,,,,,,,,,,,,,,,,,,,,,,,,,,,,,,,,,,,,,,,,,,,,,,,,,,,,,,,,,,,,,,,,,,,,,,,,,,,,,,,,,,,,,,,,,,,,,,,,,,,,,,,,,,,,,,,,,,,,,,,,,,,,,,,,,,,,,,,,,,,,,,,,,,,,,,,,,,,,,,,,,,,,,,,,,,,,,,,,,,,,,,,,,,,,,,,,,,,,,,,,,,,,,,,,,,,,,,,,,,,,,,,,,,,,,,,,,,,,,,,,,,,,,
Magnitudes,GWh,,,,,,,,,,,,,,,,,,,,,,,,,,,,,,,,,,,,,,,,,,,,,,,,,,,,,,,,,,,,,,,,,,,,,,,,,,,,,,,,,,,,,,,,,,,,,,,,,,,,,,,,,,,,,,,,,,,,,,,,,,,,,,,,,,,,,,,,,,,,,,,,,,,,,,,,,,,,,,,,,,,,,,,,,,,,,,,,,,,,,,,,,,,,,,,,,,,,,,,,,,,,,,,,,,,,,,,,,,,,,,,,,,,,,,,,,,,,,,,,,,,,,,,,,,,,,,,,,,,,,,,,,,,,,,,,,,,,,,,,,,,,,,,,,,,,,,,,,,,,,,,
 ,,,,,,,,,,,,,,,,,,,,,,,,,,,,,,,,,,,,,,,,,,,,,,,,,,,,,,,,,,,,,,,,,,,,,,,,,,,,,,,,,,,,,,,,,,,,,,,,,,,,,,,,,,,,,,,,,,,,,,,,,,,,,,,,,,,,,,,,,,,,,,,,,,,,,,,,,,,,,,,,,,,,,,,,,,,,,,,,,,,,,,,,,,,,,,,,,,,,,,,,,,,,,,,,,,,,,,,,,,,,,,,,,,,,,,,,,,,,,,,,,,,,,,,,,,,,,,,,,,,,,,,,,,,,,,,,,,,,,,,,,,,,,,,,,,,,,,,,,,,,,,,,
Fecha,01/01/2023,02/01/2023,03/01/2023,04/01/2023,05/01/2023,06/01/2023,07/01/2023,08/01/2023,09/01/2023,10/01/2023,11/01/2023,12/01/2023,13/01/2023,14/01/2023,15/01/2023,16/01/2023,17/01/2023,18/01/2023,19/01/2023,20/01/2023,21/01/2023,22/01/2023,23/01/2023,24/01/2023,25/01/2023,26/01/2023,27/01/2023,28/01/2023,29/01/2023,30/01/2023,31/01/2023,01/02/2023,02/02/2023,03/02/2023,04/02/2023,05/02/2023,06/02/2023,07/02/2023,08/02/2023,09/02/2023,10/02/2023,11/02/2023,12/02/2023,13/02/2023,14/02/2023,15/02/2023,16/02/2023,17/02/2023,18/02/2023,19/02/2023,20/02/2023,21/02/2023,22/02/2023,23/02/2023,24/02/2023,25/02/2023,26/02/2023,27/02/2023,28/02/2023,01/03/2023,02/03/2023,03/03/2023,04/03/2023,05/03/2023,06/03/2023,07/03/2023,08/03/2023,09/03/2023,10/03/2023,11/03/2023,12/03/2023,13/03/2023,14/03/2023,15/03/2023,16/03/2023,17/03/2023,18/03/2023,19/03/2023,20/03/2023,21/03/2023,22/03/2023,23/03/2023,24/03/2023,25/03/2023,26/03/2023,27/03/2023,28/03/2023,29/03/2023,30/03/2023,31/03/2023,01/04/2023,02/04/2023,03/04/2023,04/04/2023,05/04/2023,06/04/2023,07/04/2023,08/04/2023,09/04/2023,10/04/2023,11/04/2023,12/04/2023,13/04/2023,14/04/2023,15/04/2023,16/04/2023,17/04/2023,18/04/2023,19/04/2023,20/04/2023,21/04/2023,22/04/2023,23/04/2023,24/04/2023,25/04/2023,26/04/2023,27/04/2023,28/04/2023,29/04/2023,30/04/2023,01/05/2023,02/05/2023,03/05/2023,04/05/2023,05/05/2023,06/05/2023,07/05/2023,08/05/2023,09/05/2023,10/05/2023,11/05/2023,12/05/2023,13/05/2023,14/05/2023,15/05/2023,16/05/2023,17/05/2023,18/05/2023,19/05/2023,20/05/2023,21/05/2023,22/05/2023,23/05/2023,24/05/2023,25/05/2023,26/05/2023,27/05/2023,28/05/2023,29/05/2023,30/05/2023,31/05/2023,01/06/2023,02/06/2023,03/06/2023,04/06/2023,05/06/2023,06/06/2023,07/06/2023,08/06/2023,09/06/2023,10/06/2023,11/06/2023,12/06/2023,13/06/2023,14/06/2023,15/06/2023,16/06/2023,17/06/2023,18/06/2023,19/06/2023,20/06/2023,21/06/2023,22/06/2023,23/06/2023,24/06/2023,25/06/2023,26/06/2023,27/06/2023,28/06/2023,29/06/2023,30/06/2023,01/07/2023,02/07/2023,03/07/2023,04/07/2023,05/07/2023,06/07/2023,07/07/2023,08/07/2023,09/07/2023,10/07/2023,11/07/2023,12/07/2023,13/07/2023,14/07/2023,15/07/2023,16/07/2023,17/07/2023,18/07/2023,19/07/2023,20/07/2023,21/07/2023,22/07/2023,23/07/2023,24/07/2023,25/07/2023,26/07/2023,27/07/2023,28/07/2023,29/07/2023,30/07/2023,31/07/2023,01/08/2023,02/08/2023,03/08/2023,04/08/2023,05/08/2023,06/08/2023,07/08/2023,08/08/2023,09/08/2023,10/08/2023,11/08/2023,12/08/2023,13/08/2023,14/08/2023,15/08/2023,16/08/2023,17/08/2023,18/08/2023,19/08/2023,20/08/2023,21/08/2023,22/08/2023,23/08/2023,24/08/2023,25/08/2023,26/08/2023,27/08/2023,28/08/2023,29/08/2023,30/08/2023,31/08/2023,01/09/2023,02/09/2023,03/09/2023,04/09/2023,05/09/2023,06/09/2023,07/09/2023,08/09/2023,09/09/2023,10/09/2023,11/09/2023,12/09/2023,13/09/2023,14/09/2023,15/09/2023,16/09/2023,17/09/2023,18/09/2023,19/09/2023,20/09/2023,21/09/2023,22/09/2023,23/09/2023,24/09/2023,25/09/2023,26/09/2023,27/09/2023,28/09/2023,29/09/2023,30/09/2023,01/10/2023,02/10/2023,03/10/2023,04/10/2023,05/10/2023,06/10/2023,07/10/2023,08/10/2023,09/10/2023,10/10/2023,11/10/2023,12/10/2023,13/10/2023,14/10/2023,15/10/2023,16/10/2023,17/10/2023,18/10/2023,19/10/2023,20/10/2023,21/10/2023,22/10/2023,23/10/2023,24/10/2023,25/10/2023,26/10/2023,27/10/2023,28/10/2023,29/10/2023,30/10/2023,31/10/2023
Hidráulica,"76,795069","136,43443","153,681848","138,136315","143,068095","131,077481","74,248704","81,02736900000001","102,29209399999999","148,856065","145,853971","157,861764","161,573437","138,37276500000002","78,301851","96,25358299999999","92,839974","101,39172","103,957461","124,720748","108,134536","100,416389","129,114538","156,809623","163,734725","159,459152","140,81627","107,05527000000001","105,727592","155,803535","145,891166","137,937152","139,179769","143,55120000000002","95,458814","63,319958","83,001391","126,708797","122,616117","106,887553","109,442988","80,46111599999999","75,440808","90,55673399999999","79,25385700000001","86,517356","89,054662","73,442845","68,29915799999999","59,875652","68,080122","82,695031","82,82521700000001","75,230436","91,134019","82,48705899999999","43,717016","45,448568","63,396007","83,350764","85,07855","83,104412","88,10763","92,544088","84,40924199999999","48,985189","52,837086000000006","50,383962","43,962072","42,298685","60,876574","51,441597","60,708864","93,695841","65,308261","60,955726999999996","72,534053","64,775279","82,652643","82,143888","70,638351","60,477484","57,729896000000004","47,091145","32,888512999999996","70,243539","83,399186","62,543843","56,864087","51,164837","40,248114","34,197905","69,329209","54,985042","77,046054","59,183754","49,932111","58,483892","47,569809","42,480447999999996","62,807573","37,223328","44,007419999999996","42,654364","37,534886","34,138521","50,953305","52,27194600000001","52,647525","58,791702","57,156612","46,475516999999996","30,302074","48,352756","48,448091999999995","62,392091","66,406546","66,610468","55,16003","42,629849","33,720197999999996","54,034235","46,145854","51,689552000000006","57,427453","44,257791","42,848743999999996","56,648522","45,099712","49,008657","44,842948","42,903232","32,980163999999995","30,710133000000003","37,818177000000006","34,458341","29,733166","33,674971","39,391186999999995","37,525256","40,887321","63,652902999999995","53,25832","48,416555","42,254196","37,458217","47,104372000000005","38,369059","49,008145","64,459857","59,340747","71,548756","72,285464","51,408428","43,518343","69,79041000000001","67,378208","69,142391","72,861396","62,992653","60,253015","51,693544","78,258972","74,27316099999999","68,64459699999999","77,025344","85,667226","63,668487999999996","47,809025","71,135526","71,184663","82,97108100000001","67,679157","63,127998","51,757324999999994","46,451803","56,054272","67,472719","60,820937","41,098932999999995","45,880288","34,174696000000004","35,80032","49,094636","46,559661","49,927662","50,311439","41,432158","39,264004","34,983534","53,046544000000004","55,195025","46,839432","47,046326","40,31131","30,160549","32,985239","42,765581","53,573234","50,858214999999994","44,210669","38,383169","40,49969","34,641747","38,794368000000006","35,397981","37,792260999999996","40,571444","43,536865","34,469575","27,431191","31,77381","30,870704","32,449041","23,089686","25,43879","28,288742","22,487636","27,164801","42,467313000000004","42,59164","32,19114","38,856794","30,205296999999998","23,336835999999998","27,189763","27,410056","27,762082999999997","29,171669","32,989343999999996","32,534422","31,512687000000003","48,404865","43,260146","36,492818","31,498403","28,844088","28,130426","17,594239","25,750043","22,602569","34,891","35,842871","33,497667","22,466056000000002","23,326362","25,66545","33,31618","39,302930999999994","43,271387000000004","38,887201999999995","26,318237","22,615068","34,34839","36,116729","27,171221000000003","24,739108","30,978741999999997","24,084453","15,476436","31,725851","32,983166","28,889155","19,994485","30,954421","24,190735","23,229461","38,864647","40,691300000000005","44,152661","41,573716999999995","43,359262","27,29429","22,193627","25,805687000000002","27,052787","27,586157","38,630357000000004","41,491926","24,496072","22,832062999999998","41,901714","43,652682","46,629352","38,643156000000005","33,715051","41,515935","35,307911","57,419346","35,188182999999995","24,77114","32,25793","44,077178999999994","50,159902","58,543848","77,155247","54,948625","50,97037400000001","56,774082","68,82103599999999","62,897743000000006","73,792282","81,027015","104,98906"
Turbinación bombeo,"11,629361000000001","19,334608","11,252745","18,004257000000003","12,800362","12,027723","20,475111000000002","7,19313","19,281589","15,272125","20,630431","17,415556000000002","23,255917","14,620284","14,5122","29,220967","23,188014","25,528701","22,035722","19,848475999999998","14,130916","17,361618","21,967131000000002","26,3214","15,551696","14,732261000000001","16,355019","17,841376","18,84153","13,722603","8,444621","13,029804","8,567236999999999","11,074314000000001","11,762473","9,40697","14,712200999999999","14,747575000000001","9,026806","4,440522","5,587898","2,7723139999999997","6,048641","4,5900039999999995","1,755702","6,952848","11,245652","9,145152","7,688257999999999","9,648679","6,246898","12,663823","12,313124","5,346866","6,5657309999999995","4,037455","10,326351","23,632863","17,535068","8,424526","7,351359","7,731886","8,530168999999999","7,702421","3,054709","10,339396","16,293425","16,841714","20,122803","18,489174","29,373629","20,874337","25,349419","17,951724","21,313343","23,695263999999998","15,602729","14,609797","14,844348","18,928624","19,500767","21,143645","22,532709","23,271228","14,436731","17,479408","22,069443","28,405594","26,906259","16,909224","21,940538","25,131353","28,960226","21,292941","16,233115","20,648526","25,564572000000002","26,605588","26,835824","19,397041","22,633245","20,991668","21,003627","22,899376","20,849803","31,838341","22,821994999999998","16,037024","19,245258999999997","21,105062999999998","21,786623","17,600824","14,879379","18,574084","23,316357","11,050964","16,62382","10,498838","10,258977000000002","14,965261","19,365502","17,578309","8,936591","15,447857","18,402763","9,140004999999999","11,56503","14,129733","16,095623","16,055958","18,261228","18,756356","20,640655","21,657876","21,045221","25,732989","18,832496","20,437811","21,929122","20,205694","21,201462","18,677974","7,497405","8,426066","9,649513","13,151883","12,311236000000001","10,817663","8,920884","9,343901","8,348557000000001","10,58745","7,882147","11,534861000000001","14,742561","5,709447","6,467896","13,856502","11,036589","8,102969","10,155971","13,716021000000001","7,3831549999999995","8,261417","10,864646","12,609904","5,784295","11,507788","8,037882999999999","11,491378000000001","13,416553","6,224598","6,350647","5,795586","9,295295","16,02506","10,200315","10,161099","5,529872999999999","3,8709670000000003","12,238727","19,403265","16,364956","10,249323","6,031627","10,139648","6,137467","9,9939","15,307555","8,364031","9,196712999999999","9,549778","9,632149","9,274626","13,684002","16,457308","16,27919","11,617897000000001","11,168045","5,213042000000001","2,862708","7,7623940000000005","5,672810999999999","8,81198","5,73628","9,601655000000001","10,914097","14,594738","7,531157","11,127134","9,796616","8,313927","12,529290000000001","17,83216","16,087627","18,581723","18,429316999999998","19,172113","19,648918000000002","18,943772","7,844048","8,912379000000001","8,008579","12,831108","13,583072","15,506217000000001","18,284397000000002","8,605101000000001","8,995906000000002","13,558155000000001","16,158454","9,790465","7,196446","6,98758","9,097071","11,690619","10,645322","11,542603","11,206343","17,892953000000002","21,471723","12,846715","13,335903","13,196174999999998","6,5750839999999995","11,182778","16,488284","7,845355","10,219301","12,135661","10,480109","13,192948","12,419169","5,242136","4,400220999999999","7,140595","8,77107","10,597650999999999","10,799887","11,025302","15,820152","7,985467","12,816753","16,807971000000002","17,313393","16,396046","14,722586","14,649407","10,635073","12,962414","11,135565","11,965273","16,998403","15,326548","13,87893","10,751625","13,195162","7,382645999999999","10,275258","12,323618","13,197372","13,078548000000001","10,48152","15,06123","10,88682","13,480264","12,82274","10,23823","11,069064000000001","12,366468000000001","19,479073","25,214406999999998","15,905278000000001","25,379415","12,406019","15,673793","7,680341","20,48643","23,128102","21,562655","20,022257","24,524534","17,344678","31,516686"
Nuclear,"154,675736","162,687171","169,453632","169,747896","169,859286","169,84035","136,14119399999998","119,629148","149,044166","169,479445","169,679709","169,67692300000002","169,69096299999998","169,77937899999998","169,47103700000002","151,78910399999998","151,427463","153,97156","169,517736","169,90604000000002","170,194031","170,130441","170,180516","170,06956200000002","170,087794","170,060867","170,108286","170,111057","170,12678200000002","170,094898","170,131417","169,944683","170,085845","170,238403","170,30815900000002","170,232323","170,233945","170,30089900000002","170,252109","170,24854399999998","170,328293","170,369894","161,529269","169,34124799999998","170,26931299999998","170,2766","170,37214300000002","170,40922700000002","164,524622","170,180492","170,20416200000003","170,11761900000002","161,92381899999998","145,993463","146,058008","146,104394","146,082892","146,032302","145,997046","145,983932","145,93268700000002","145,98055300000001","152,824939","168,523756","169,916214","170,008036","169,725796","169,645598","169,636023","167,64728599999998","169,44226","169,802316","169,949382","162,539297","168,914436","169,340395","169,56793299999998","169,58541200000002","169,48019699999998","169,28269","169,329332","169,100069","168,983948","168,564392","154,14318400000002","166,832685","169,16541","169,124413","168,454359","134,862735","134,466678","136,92153299999998","166,37803","168,991421","169,039573","168,98808400000001","167,804464","168,695932","167,518883","168,200379","168,160234","168,03729","166,978304","167,937892","166,498032","163,294961","144,112885","144,174685","144,286979","144,203974","144,046388","144,004226","142,941437","143,91160699999998","143,327954","136,52096","140,502772","135,323538","120,817992","121,165925","120,47099","121,42083","121,464249","121,330525","121,31977400000001","121,28275599999999","121,462534","121,453351","121,351199","121,580529","121,624561","121,515682","115,029818","121,435908","121,485045","96,982992","106,044239","117,61357000000001","119,93095","120,546302","125,87825500000001","133,128459","138,698926","119,531345","120,755341","121,56135400000001","121,566568","121,52455499999999","121,483701","121,398005","120,89607799999999","121,241936","121,188778","121,114593","120,981212","121,02631699999999","121,10032000000001","121,08727099999999","120,78113099999999","120,258297","118,589195","120,00824899999999","119,941789","119,863872","119,99038499999999","119,741816","123,549603","126,318427","135,202703","141,625072","141,725333","136,554481","118,115288","131,671016","161,406102","164,64049","162,714091","163,185061","164,391431","164,994215","165,712736","166,091234","163,537278","165,240915","165,39172399999998","165,719285","165,661308","165,791555","165,802766","165,389799","165,367499","164,853342","165,844718","165,75992300000001","165,637581","165,566157","165,936894","165,22806400000002","164,567186","164,83410999999998","164,94742499999998","165,51166800000001","162,73055100000002","164,91867000000002","165,598009","166,34638","166,34946","165,78189300000003","165,831226","165,283326","163,17454800000002","164,442465","164,792957","164,73486300000002","165,13041","166,45078099999998","166,693954","163,783054","164,859006","163,463202","162,43300200000002","159,799788","162,703566","163,17818400000002","152,80680999999998","142,003825","160,2535","162,80498","162,78795000000002","160,447406","160,96828","160,984289","161,231125","161,32481099999998","160,57655400000002","159,578494","157,323844","159,816234","160,264019","164,366536","164,239953","164,293422","164,179748","156,851092","140,614573","149,024695","160,509454","157,707494","163,134016","163,139943","163,231062","162,55718900000002","163,778663","163,514484","163,48668700000002","163,605227","162,71408799999998","163,69650700000003","163,841971","161,563309","163,895079","164,128819","144,412408","115,415913","127,690822","139,09383400000002","138,519427","138,506117","138,81788","138,49020000000002","138,407282","138,343817","138,17677600000002","137,688802","137,998815","148,363465","159,640052","154,335239","136,990992","137,67630799999998","138,773399","100,72267699999999","93,26567200000001","93,964593","115,515185","130,910227","128,407893","129,936732","129,981553","131,999609","133,31994899999998","131,039958","111,24444899999999","111,28028900000001","110,08239599999999","95,15865099999999","94,703322","94,794015","95,956772","111,80674","103,127019","107,22512300000001","115,787653","120,036469"
Carbón,"10,647876","12,523569","14,381727999999999","14,519674","8,15738","5,584792","4,0695500000000004","5,7335020000000005","7,139193000000001","14,173941000000001","15,582585","14,308301","12,906614","5,9184030000000005","6,1020140000000005","6,616388","7,049599","7,306975","7,895022","8,603483","6,707082000000001","6,11376","8,459838","10,667999","13,501652","13,360008","9,102495000000001","6,088842","6,040975","12,569575","15,102165000000001","13,929966","17,825328000000003","19,646228999999998","13,806037","6,648552","13,159903","18,967052","22,790223","23,894131","20,338939","10,595880999999999","7,174091000000001","10,758277","9,357441999999999","14,352852","20,899416000000002","16,843099","8,970911","7,091353","14,165296","18,94368","21,558315","16,635788","15,628511","14,072902000000001","11,472227","14,473821","14,656635","15,663208000000001","19,851131000000002","20,305105","17,620207999999998","17,291182","17,948521","13,403372","13,403777","13,557896000000001","13,735239","12,343765","11,675608","13,503594999999999","14,086846","13,857466","13,837592","13,806394000000001","11,791749","11,886324","12,853544","12,409434","13,848913","13,133372","12,779627","10,875544","10,3315","12,066328","11,773579","11,689247","11,447554","11,839954","10,802294","10,418638999999999","10,660972","11,354042","11,788497999999999","11,263044","10,996108","10,764679","10,550553","9,991670000000001","7,5350649999999995","7,683579","7,893731","6,980425","6,349264","5,816205","6,780928","8,173479","8,700031000000001","9,911202999999999","9,252297","6,1604030000000005","5,938488","7,3192759999999994","7,169152","8,335880999999999","4,87263","5,002699","4,640205","7,356804","11,645302","11,761013","9,570478","7,597293","7,689979999999999","7,5201769999999994","6,387274000000001","7,078562","6,819018","6,640871","6,819348","6,914107","6,491588","5,874698","7,482362","7,189085","7,01962","6,882575","7,186867","6,148863","5,708494","7,500786","6,659208","6,881288","7,192102","6,822718","6,166068","6,062234","11,003693","13,205931","12,477475","12,414871999999999","12,454208000000001","12,057485","11,829295","12,513314000000001","12,37955","12,385929","12,388049","11,612522","6,542212","6,0481229999999995","9,312787","9,94694","9,939806","10,336587","10,778718000000001","7,1317770000000005","5,971350999999999","8,513983","12,546961","12,908521","12,267104","12,016568","6,355218","6,058849","7,578773","8,668451999999998","8,792755999999999","7,748902","8,149934","6,60398","6,248205","7,679227","8,30709","8,412074","8,755411","8,535658999999999","7,264814","6,955773","9,861258","12,876689","8,251815","8,076752","7,920012","6,9108670000000005","6,651987","7,820086","8,277069","7,662319","7,864527","7,827641","7,187886000000001","6,552493999999999","6,669574","11,008402","13,823031","13,622185","13,204102","12,662756","11,61651","12,975719999999999","12,772472","12,138135","12,512601","7,01306","6,706766","6,404975","7,989032","14,027502","14,643908999999999","13,801047","13,893412","14,405391999999999","13,937137","14,18045","13,666066","14,131577","14,582396000000001","14,450676","13,779516","13,807164","15,382855","15,606345","16,776628000000002","19,609273","14,898874","13,197042999999999","11,649040000000001","12,785129999999999","12,547974","12,269191000000001","12,41844","12,306573","11,915854999999999","11,156536000000001","12,262754999999999","12,886906999999999","13,211110000000001","12,887983","10,475007999999999","10,677316000000001","11,498991","13,165189","12,824416","12,754489","12,960677","12,429409","12,120595999999999","11,542891","12,939179","11,991482","12,935368","13,581406999999999","13,241343","11,703157","10,768671","15,159155","19,501964","19,923838","19,854568999999998","20,162679","12,67864","12,142805000000001","13,801517","12,7409","13,621423","12,818923","12,881212","11,388039000000001","12,255368","16,384137","18,259455000000003","20,34787","17,972557000000002","18,352169999999997","18,312266","21,068701","26,46521","9,728438","8,0405","7,982965","7,931504","6,957522","7,685442","9,596450999999998","7,4418","7,789197","7,719220999999999","7,204325","5,91701","6,136823000000001","7,094596999999999","7,435128"
Fuel + Gas,-,-,-,-,-,-,-,-,-,-,-,-,-,-,-,-,-,-,-,-,-,-,-,-,-,-,-,-,-,-,-,-,-,-,-,-,-,-,-,-,-,-,-,-,-,-,-,-,-,-,-,-,-,-,-,-,-,-,-,-,-,-,-,-,-,-,-,-,-,-,-,-,-,-,-,-,-,-,-,-,-,-,"-0,000001",-,-,-,-,-,-,-,-,-,-,-,-,-,-,-,-,-,-,-,-,-,-,-,-,-,-,-,-,-,-,-,-,-,-,-,-,-,-,-,-,-,-,-,-,-,-,-,-,-,-,-,-,-,-,-,-,-,-,-,-,-,-,-,-,-,-,-,-,-,-,-,-,-,-,-,-,-,-,-,-,-,-,-,-,-,-,-,-,-,-,-,-,-,-,-,-,-,-,-,-,-,-,-,-,-,-,-,-,-,-,-,-,-,-,-,-,-,-,-,"0,000001",-,-,-,-,-,-,-,-,-,-,-,-,-,"-0,000001",-,-,-,-,-,-,-,-,-,-,-,-,-,-,-,-,-,-,-,-,-,-,-,-,-,-,-,-,-,-,-,-,-,-,-,-,-,-,-,-,-,-,-,-,-,-,-,-,-,-,-,-,-,-,-,-,-,-,-,"-0,000001",-,-,-,-,-,-,-,-,-,-,-,-,-,-,-,-,-,-,-,-,-,-,-,-,-,-,-
Ciclo combinado,"46,001583","125,94167900000001","131,50669399999998","100,18554300000001","131,40182000000001","75,07665399999999","46,935911","41,137128","63,597817000000006","68,443435","76,297389","77,645516","81,540907","49,787764","34,358533","34,912665999999994","27,654339","43,099981","39,948414","82,865526","42,826007","43,145711000000006","64,28576799999999","100,117508","86,876289","68,31427400000001","57,894953","46,812822999999995","65,889087","125,709967","112,545063","92,914195","142,748277","159,211428","73,065617","62,115138","73,033468","147,230179","156,59532000000002","173,904171","167,210476","111,655714","110,496379","161,74743700000002","157,314746","203,06776000000002","198,808048","141,679071","92,996765","104,490364","149,556544","204,018398","209,665953","164,403754","200,950368","141,413963","64,195258","71,260149","91,92546899999999","185,026215","177,981515","177,925027","144,64867900000002","195,34367","218,074998","56,548277","37,147976","18,826891","21,152510999999997","24,900496","47,187498","32,720825","65,70801900000001","126,591746","54,819573","48,49837599999999","50,86076","99,346322","129,219759","128,13758900000002","77,829996","48,92546","49,381747000000004","40,225856","34,663801","88,080328","100,41364200000001","45,259786999999996","35,798603","35,025167","39,755472000000005","44,125946000000006","67,090021","40,346074","56,043456","63,421334","91,202829","92,219451","91,373643","68,14126399999999","65,458767","43,853866000000004","44,654267","27,911365","37,206804","50,987766","50,151801","64,86089299999999","97,217428","130,479453","110,755605","65,212548","61,007218","91,300145","107,397571","164,82867199999998","188,16498499999997","147,11921900000002","98,688907","86,724256","84,351226","122,349037","86,709239","73,558925","116,936761","88,278249","77,478605","103,224129","94,19539999999999","88,094757","77,274298","83,658629","69,48486","69,838224","72,237318","63,886421999999996","51,578405","56,301010999999995","54,292889","54,848886","67,14864299999999","99,938233","104,92873900000001","114,367039","74,920732","69,49541599999999","122,995578","120,512845","132,890414","166,675866","164,011276","156,844899","132,94157199999998","121,796538","109,002257","154,96282399999998","137,0073","141,184168","144,457367","92,664841","94,727723","109,342971","180,07969200000002","129,1052","109,53521400000001","138,09925399999997","160,213209","99,292921","102,071951","158,280655","205,503997","209,745802","191,358792","154,000843","89,220357","106,85064299999999","109,29490799999999","125,983311","167,866","131,826697","89,48543799999999","75,790452","63,407682","120,487203","154,316272","161,281616","174,29664000000002","132,98694","125,58904799999999","135,11827499999998","227,48755400000002","191,436925","186,310884","213,378771","149,32939000000002","72,976459","75,13797","177,78133300000002","238,067241","228,37116","180,154095","127,512401","99,177578","86,946133","110,07187699999999","110,027453","145,621758","152,80742600000002","157,946881","95,982022","82,43465300000001","131,38197200000002","121,334399","89,104968","82,164306","86,711399","77,024996","58,330584","69,214545","134,99337100000002","230,715888","165,304277","157,242179","106,835241","86,171011","121,243217","113,68918","145,39177600000002","167,967897","142,832336","146,726908","173,592561","218,32843100000002","221,76378400000002","263,867134","261,142905","266,835442","146,811186","62,41278","84,287788","100,772656","109,684732","155,635108","140,421195","100,773701","67,749986","91,628518","151,17771299999998","187,89487400000002","174,74745000000001","171,812818","118,201737","133,395141","186,30800299999999","216,43309","179,79226500000001","176,167566","183,005483","101,242204","74,13764200000001","115,856879","190,104026","106,990723","85,695558","94,24978599999999","122,346847","99,39085899999999","161,248283","164,051981","153,298364","173,47606299999998","185,765035","133,42849299999997","124,720693","159,03773","152,94876000000002","165,009695","202,553519","185,600603","120,240508","106,784219","196,618818","238,53314600000002","186,047875","129,961312","72,85925","94,291663","106,811508","138,864078","74,111803","59,590125","63,910208","44,845106","69,183532","73,240262","161,405616","83,49851600000001","58,199298000000006","59,090305","50,11887599999999","44,913864000000004","60,791472","63,020148999999996","107,300725"
Eólica,"160,764699","96,936318","69,070871","65,70688899999999","43,799077","84,450914","304,78945899999997","373,63852399999996","299,320208","208,748549","197,81656099999998","148,09894699999998","150,789468","180,267187","286,65125","399,213913","390,43588","356,49700199999995","369,906931","270,678113","267,27838199999997","289,047277","309,744749","234,72806400000002","219,241479","311,218928","338,575819","301,908992","230,168981","154,95099","209,40842999999998","214,665908","113,531948","62,026834","185,84348","281,93430800000004","276,127206","188,206105","171,25495999999998","137,451953","127,437104","156,803438","146,984829","153,124283","216,527355","116,14027","58,767522","135,07408600000002","108,783957","119,477476","140,929328","71,582761","61,505489999999995","149,07123499999997","73,495833","106,288622","344,43097600000004","398,84993099999997","317,52527399999997","185,331527","211,16057","181,80237599999998","100,62124899999999","62,971556","150,926663","335,637116","391,536431","410,04740999999996","386,74786800000004","345,614213","178,242882","285,264538","253,572098","90,62756200000001","230,26651500000003","279,300602","180,759269","86,936889","70,575761","55,322572","123,574328","202,24559599999998","251,90721599999998","161,71633300000002","252,453249","164,04765700000002","105,001492","205,518854","255,333302","367,88575","276,2815","232,33405100000002","161,032334","247,312059","132,932564","123,083455","72,07634","63,900105","58,326440000000005","105,331748","129,178527","305,091082","254,329914","294,959881","261,839309","181,70495300000002","204,350823","190,001805","124,699872","75,424784","149,296485","155,152959","182,553041","112,960905","128,059698","61,160319","58,808057999999996","123,487879","159,232492","170,49786300000002","129,459549","96,803174","205,645809","169,210402","92,020375","106,97545699999999","125,86705599999999","115,50512300000001","178,845396","198,427933","210,01238800000002","206,562717","211,178183","191,084616","245,642403","304,646935","331,52266","298,828218","275,613765","205,81668200000001","175,380252","165,92362599999998","186,741584","152,997131","210,591877","216,764815","91,99462799999999","60,387823","76,764148","48,046773","38,979335","65,059614","59,870452","36,788606","35,13958","43,018535","84,02201600000001","136,023593","113,05998299999999","171,553301","55,950822","49,461011","47,239129999999996","115,547297","158,2728","94,386376","54,170406","99,004315","142,455529","107,023682","68,055712","61,184428999999994","67,967583","90,53587300000001","90,213212","77,503663","190,32291800000002","188,310909","129,844368","194,949969","190,82211999999998","128,010645","151,956345","106,782799","88,800117","78,029","93,881448","150,229408","97,06897900000001","60,548207000000005","74,57380400000001","125,647182","131,077108","84,287477","169,889147","169,966672","104,512052","139,528468","122,012477","130,693162","146,575287","164,66151000000002","90,690536","111,100835","181,333265","151,235794","89,589224","100,769556","91,214969","94,245753","103,289947","93,67760799999999","153,41725","178,443472","215,994469","218,431377","170,475358","209,709095","173,526116","98,63332399999999","77,077575","133,236174","68,67058800000001","83,563","125,163516","123,51629700000001","100,170686","103,24470299999999","68,405129","133,755567","54,70359","48,26657","94,206284","112,254459","106,676885","103,385853","124,607842","170,52283","249,59168499999998","218,145465","174,030182","122,839216","68,94551399999999","134,17441399999998","172,986546","284,156863","216,13477","111,747833","80,58077800000001","87,40587300000001","90,22719500000001","108,064049","69,374137","51,582023","56,027949","115,605618","109,3198","98,66173500000001","121,586735","203,635326","119,567891","54,767038","148,044314","294,24249599999996","186,37907","57,547809","77,207735","56,575273","61,692337","112,637444","87,093276","47,537690000000005","70,736465","65,010853","119,595054","118,903871","100,617614","47,969998","62,839870000000005","73,68513499999999","58,411174","53,078754","39,551927000000006","44,506679","84,888686","153,501272","77,56414500000001","55,796744","99,91523600000001","301,573311","374,854413","392,197891","413,648773","192,22720900000002","169,731527","147,107126","302,435636","393,214637","405,786228","353,7075","284,91193599999997","239,70904000000002","301,61685700000004","177,923453"
Solar fotovoltaica,"33,392982","30,595371","52,667047","56,871036","56,86875","53,780714","34,82264","16,498279999999998","48,51443","44,999994","35,862773999999995","59,333400000000005","54,119699","56,183402","40,893508000000004","29,536633000000002","36,859083","55,95901","59,87274","53,057125","58,955591","73,828755","72,66578200000001","60,780521","73,017405","52,978256","75,73459799999999","82,156727","79,217609","79,577411","82,766918","82,278115","86,53590399999999","90,10510099999999","92,60611999999999","87,5798","78,107647","42,553428999999994","41,180347999999995","71,677687","74,33179200000001","74,19553599999999","68,189973","79,12985499999999","58,88502","71,523691","87,788701","74,648091","65,505322","66,124495","62,899311999999995","68,74352","79,76497599999999","69,75917600000001","91,546422","68,855123","77,681889","99,25091400000001","105,48113599999999","103,73567","107,340552","111,334243","105,171857","48,205286","50,202546999999996","68,211185","57,461302","52,930995","93,355465","76,15300500000001","105,931066","92,93403599999999","112,035936","123,155582","108,712886","84,449693","81,07289200000001","113,713955","122,39938400000001","121,116331","120,02599000000001","112,19144899999999","86,766277","110,42596499999999","95,68572599999999","123,89322299999999","130,540005","115,048066","104,593834","87,559743","94,082116","110,542928","127,716405","115,564174","138,051646","132,05492800000002","126,728829","132,235682","115,28847599999999","113,704173","137,759791","103,728904","120,786009","110,063681","121,498361","118,557551","142,948286","142,141084","135,70738500000002","137,963075","113,862931","107,309379","115,373241","144,035835","143,097254","144,10579800000002","124,43649","108,856135","102,190352","108,278024","127,410251","133,610525","124,629996","140,307581","154,873983","142,157959","141,86550599999998","140,53255900000002","138,10477799999998","154,144157","146,75286499999999","135,921272","133,486008","122,036704","143,739546","150,357418","121,45728100000001","125,638329","126,94254600000001","109,322063","100,229025","76,653808","76,804731","111,70646","122,145275","92,940759","72,473665","84,805544","104,93646700000001","105,623833","127,831451","98,334596","103,15505999999999","118,734697","115,056943","125,779821","136,847603","59,511673","65,61749800000001","119,059599","133,246914","128,74310499999999","123,41296000000001","123,695021","141,413497","150,998415","149,538472","139,110959","111,457207","117,075356","119,208657","99,41918700000001","152,97641399999998","147,13488800000002","147,443564","134,497397","146,18231400000002","135,641816","136,951155","143,84408100000002","153,69832300000002","145,87147099999999","134,48792600000002","140,551684","148,66493100000002","129,220776","130,768914","142,270226","146,539412","141,46847","138,950697","146,01067999999998","141,02487599999998","153,361223","157,68354000000002","144,018323","143,715978","132,206136","130,77880100000002","140,081435","145,612721","145,23645499999998","144,016865","136,090658","145,438986","156,01364","146,16008300000001","139,56193900000002","156,25091500000002","152,351104","145,214957","155,883597","158,535446","160,152363","153,366983","150,808814","138,60519699999998","130,496621","149,100481","138,652639","118,610193","148,160655","155,471086","152,49788800000002","144,190953","151,778709","141,16781","146,018986","152,642907","137,459166","149,210823","146,438738","145,719027","144,049189","142,594063","143,48042900000002","131,684744","85,459868","110,314204","136,79718499999998","133,376259","134,4854","140,004252","130,120898","69,022068","38,609272","104,102443","119,27539","120,944221","104,815375","123,698742","106,916506","118,820622","115,845097","115,448227","124,225786","109,63784600000001","81,937387","70,75283999999999","80,23455499999999","94,48629700000001","113,032158","133,353","76,58214","129,81494899999998","128,16711999999998","121,205331","130,83777899999998","123,613951","120,747277","125,73042699999999","124,038568","122,029039","127,675913","123,656415","117,63763","118,812669","118,49095600000001","117,71324800000001","115,41210000000001","118,407011","112,264991","115,962731","120,647551","117,457579","86,080042","68,84194199999999","76,665594","61,498127000000004","63,34033","67,98525599999999","21,934528999999998","69,224857","89,273753","36,245172","47,990668","76,558093","54,019127","36,086271","64,675118","67,05448299999999","50,032991","68,18784600000001","36,451231"
Solar térmica,"0,8114049999999999","0,194716","3,462572","4,732082999999999","5,249039","4,585891999999999","0,87313","0,059494","1,020745","2,376949","0,943425","3,8367220000000004","2,668354","3,4078150000000003","2,302046","0,580014","0,124171","3,684869","4,123895999999999","1,928906","2,493303","8,608993","8,029282","5,562049","6,7718","1,834559","6,864319","8,876719","8,461251","7,323485","7,715756000000001","8,341695","8,718661","9,938443999999999","10,663416999999999","11,363215","10,078483","0,8101900000000001","0,538355","9,26844","5,415011000000001","3,905363","2,3473490000000004","8,731755","3,15441","4,504724","7,30703","2,792815","1,516238","0,463934","0,685372","2,192451","5,140836","8,738428","11,124782999999999","2,826381","6,860604","14,756017","16,601014","15,965017","16,36425","17,410389","10,977044","0,490394","0,633424","2,964728","1,985084","1,915281","10,263846","7,110975000000001","13,789722","11,109445","17,852533","20,688526000000003","16,036555","7,703879","5,535801","18,148825000000002","21,025800999999998","20,087607","21,524060000000002","18,655133999999997","8,255452","19,743417","16,979489","16,661564","20,283528999999998","21,377637","17,925850999999998","10,47436","12,888024","23,268061000000003","22,8231","15,413019","24,266651000000003","23,229326","25,691873","25,672","18,418683","17,25791","23,550866000000003","16,319046","21,017142","21,67325","25,713102","28,340539","27,540991","26,190131","22,30857","21,725458999999997","14,095281000000002","13,14011","25,334757","26,434634","26,170731","26,006305","18,698645","10,274807000000001","12,672392","9,587556000000001","24,919038","17,295531","13,592483","19,91422","26,523156999999998","25,937465","25,883546","20,911858","21,743426","24,765607","26,172787","25,615319","26,425953","23,140789","24,162259","22,887797","9,3396","13,84005","19,44867","9,367584999999998","2,143893","0,14009200000000002","0,71584","10,49235","17,079696","8,353975","1,565216","2,5242080000000002","7,941542","10,108797000000001","17,339967","12,07712","7,468979","15,06917","16,903819","19,019038000000002","20,0738","2,427138","0,870707","6,168594","14,750644","20,259721000000003","15,585083000000001","16,040803","25,2896","28,254943","27,401419","26,078706999999998","17,083978","13,033676999999999","10,806636000000001","10,206002","25,806814","29,116851","30,239434000000003","28,563865","25,489255","18,762244","15,825867","20,246918","22,983131","26,449156","26,726116","27,35018","29,281444999999998","22,947685","24,594486","27,453014","28,341184000000002","26,529616","22,620473","20,710399000000002","22,585896","28,000559000000003","28,271545","26,752449000000002","24,459301","19,797719","12,677501","15,627332000000001","21,213632","22,665519","24,291284","19,696846","24,206733","29,040042","29,674242999999997","27,421481","25,652388","26,907158","29,008973","27,574126","27,949386999999998","28,449014","28,805144","27,361402","28,868104","29,064034","25,245499","16,117271000000002","4,316471","17,469381000000002","26,094707","27,375659","27,570079","26,125687000000003","21,54973","22,823555","26,577690999999998","23,333482","24,137892","25,372143","23,553161","24,628415","24,717245","24,814284","16,689833","4,547511999999999","21,000379000000002","25,832297999999998","23,796761999999998","22,82951","22,708510999999998","19,146216","3,661855","0,20628200000000002","9,772251","12,877934999999999","12,965669","6,250832999999999","14,269088","8,298813","15,358585","14,417226000000001","18,173901","19,163019","14,43012","6,282017","1,3294290000000002","2,883921","4,758746","16,799109","20,321971","5,231792","12,841346999999999","19,883371","22,559594","20,530887999999997","21,100125","19,44864","18,097215","19,340823","19,32748","21,472534","18,326515999999998","16,070137","13,369877","15,051556","12,174059","10,156522","15,608325","14,944868","15,093093999999999","16,531886999999998","16,134804","4,994006000000001","3,828743","3,1059870000000003","1,001929","1,274751","1,317856","0,275675","2,079741","7,043773","0,29545800000000005","0,208124","3,4992010000000002","1,421473","0,45756","2,08972","3,20296","0,996537","4,255661","0,454865"
Otras renovables,"5,229233","9,023174000000001","10,782328","10,645037","10,696109","11,104448","6,696765999999999","6,194329","9,21347","11,413142","11,722468000000001","11,257041","11,201855","10,200979","9,677658","6,601706","5,439255","5,401184","5,503457999999999","8,991137","9,604903","8,500860000000001","9,391898999999999","10,073173","11,025235","10,814047","10,094902","9,588367","9,884992","11,386573","12,342709000000001","12,279873","12,925405000000001","13,212983","12,71767","11,603945","12,727469","12,757981","12,366811","13,13451","13,371319","13,014563","12,638631","12,756540000000001","12,807851000000001","13,166947","12,776086","12,833425","13,011702","12,802247","12,342576999999999","12,676545","12,446883","12,411547","13,197968999999999","13,035075","11,957892","12,602802","12,685666999999999","13,344304","13,329450999999999","13,00731","12,354591000000001","12,457672","11,489743","10,91706","10,735862","9,835298","8,951891","8,144377","9,844402","8,523037","8,683641999999999","9,772549999999999","9,899079","9,445181","10,313761000000001","10,365394","10,257944","10,065301","9,914736000000001","9,698604","9,27671","9,095009","6,794881999999999","9,014311","9,868812","9,300105","7,606631999999999","4,7682780000000005","5,6252640000000005","4,9261490000000006","6,292277","7,037573999999999","9,400001","9,698148","9,282969","9,185462","9,220732","8,263526","10,038252","8,908279","8,315301999999999","7,36383","6,005654000000001","5,928822","7,9805","9,224161","9,947567999999999","9,628195","10,635093000000001","10,448036","8,569468","10,654565","11,50202","11,771652","12,034525","12,555376","11,518088","10,420356","9,623228999999998","10,778999","10,976567999999999","11,436762","12,070616","12,056004999999999","10,933309999999999","11,363794","11,405492","11,608527","11,432108","11,275954","10,196437","9,701004999999999","10,144253","9,907508","10,099035","9,880147999999998","10,478031999999999","10,221539","9,900395","10,94032","11,106635","11,450641","11,039654","10,717319999999999","11,545449000000001","11,136814000000001","11,347489","11,345168","11,25438","10,995279","11,079615","11,694477000000001","10,372483","9,528573","9,194063","10,0675","9,360538","9,673383","11,104449","10,453593999999999","10,646417","10,381737999999999","10,438638999999998","10,651196","11,085687","10,962264","10,948238","11,068709","10,998348","10,942079","11,438928","11,599096","11,064195999999999","10,852122999999999","10,569334999999999","10,878377","10,908218999999999","11,392466","10,382974","9,909933","9,298283","10,402389","10,871179","10,788335","10,290924","10,424279","10,224317999999998","9,916757","10,277931","10,67242","10,735848","10,798084000000001","9,963355","8,829270000000001","8,495983","9,321050999999999","10,542601000000001","10,720034","10,271736","9,44234","10,492021000000001","10,397881","10,660269","9,852825000000001","10,400879000000002","10,121558","10,81808","10,923585","11,183684","11,207825999999999","10,575404","10,849794","10,193189","10,420631","10,604795","7,774679","10,315351","10,932885","10,121551","10,971932","11,398489","12,087833","11,612644","12,119496999999999","12,200562","11,780986","12,003013999999999","12,269215","11,549076999999999","11,404881999999999","10,551729","11,480852","11,434489","11,321816","11,751833000000001","11,007966","9,36687","9,827098","10,058427","10,18071","11,19525","11,426207","11,791385","10,831048000000001","9,920102","10,968092","11,150663","11,032662","10,216331","10,47226","10,382520000000001","10,065503000000001","10,830522","10,803353","10,601471","10,789575999999999","9,458615","7,4083239999999995","7,883463","8,699833","8,321183999999999","8,550296","8,843665000000001","8,964205","7,497451","7,801214","7,734386000000001","7,92992","7,9789769999999995","8,218245000000001","8,238502","7,059787","7,4502250000000005","9,839506","10,227236000000001","10,0899","10,802938","10,373126000000001","9,808332","10,072637","10,426275","10,888209999999999","10,867983","10,101915000000002","10,10299","9,772976","9,367616","9,197136","7,097495","6,672639","5,998372000000001","6,431337","7,536212000000001","7,839378","8,048758","7,808796999999999","7,846132","6,670614","5,496895","5,664992","5,536042","7,245297"
Cogeneración,"19,261664","33,385355000000004","45,883303","48,252588","48,285427000000006","43,991611","30,430687000000002","28,930205","43,598125","50,161945","47,223178","49,761051","47,321278","34,414951","30,810637999999997","30,790521000000002","28,779707","30,314397","31,404218","42,102267999999995","36,426624000000004","30,972597","37,55637","41,914884","44,02000099999999","42,599193","36,29942","33,568375999999994","35,754631","49,171731","53,748934","57,404134","59,921952","60,940235","57,709673","52,309494","59,538968000000004","60,573818","61,305859","62,782253","63,704569000000006","60,538776","59,30876799999999","61,280221","62,220383","63,142056","64,679672","65,918116","63,233596","61,679194","62,857631","62,275071000000004","64,004936","64,613729","63,729474","60,777417","53,901305","60,802932999999996","62,14435700000001","63,114761","65,46775099999999","64,12215400000001","62,677733","63,283453","63,721997","61,140142999999995","58,513688","55,174892","49,194795","41,301852","48,722772","43,997034","48,041545","62,557846","58,873543","57,208178","59,853186","58,780012","63,074375999999994","63,184166","60,249226","59,460252","52,767784","44,401978","36,575433","57,392178","62,380583","55,682288","45,63808","40,210726","40,113936","37,879973","43,8881","46,850892","54,425944","51,63968","48,507773","48,544827","47,957819","47,661426","54,17161","48,189919","49,495773","49,423567999999996","43,456163000000004","43,018521","53,324677","61,058153","61,435663999999996","62,167347","62,206523000000004","56,465539","51,291290000000004","60,727137","60,800816","60,761443","61,195026","60,778037","55,674329","50,250038999999994","45,942651","55,309805","55,943453","55,399514","56,390829","54,154468","49,870014000000005","54,880283000000006","52,228439","53,515612000000004","57,206622","57,754042","50,310215","45,312229","48,936337","47,863301","49,981868000000006","51,040535000000006","52,840959000000005","47,884406999999996","45,943341999999994","58,35393","60,837154999999996","62,229546","60,763682","59,653991999999995","59,355591","56,632674","60,520212","60,959656","60,086819000000006","58,549681","59,357273","55,979718","51,864399","55,489548","57,978206","57,95809199999999","57,435375","57,770917999999995","55,252398","52,211351","57,260391000000006","58,033379999999994","56,227024","58,610088000000005","58,866316","53,230674","51,505584999999996","57,052459000000006","58,3913","58,336842","57,547846","57,340028","50,911839","48,472487","53,943404","56,938869","59,355071","57,597089999999994","52,571832","40,270081","35,778855","49,979327","52,171121","51,835495","52,871379","52,960437","43,908696000000006","42,198529","49,718589","50,232302000000004","51,677105000000005","53,571076","50,771577","41,180383","39,813403","49,73686","52,911046999999996","53,25623","53,574428","50,655763","46,803050000000006","39,161408","46,198439","46,954885000000004","51,298178","50,738219","51,271516000000005","43,938202","39,284678","46,974641000000005","46,165584","45,451279","43,18475","40,830618","36,678384","26,873973999999997","39,134352","46,647382","46,65293","46,357354","45,167502999999996","38,119305999999995","33,350322","38,280376","38,610684","42,574052","45,032927","43,875417","40,662316","37,997142","41,716732","42,503892","43,525709","44,589518","45,085695","41,195834000000005","29,941026","39,751371","44,371663999999996","46,553152000000004","47,665991000000005","49,597563","44,400781","35,276216999999995","41,715105","47,995914","49,55995","50,28448","48,619388","44,647220999999995","44,262957","48,464558","49,894726000000006","50,550908","50,458118","52,022942","45,340267","37,231708","49,622421","50,476794999999996","48,992708","44,619814","48,96529","45,905620000000006","39,662218","47,346569","48,332107","47,058644","47,686833","47,469688000000005","43,56141","41,816482","48,927262","48,865555","50,159314","52,869364999999995","53,594889","50,409937","48,202812","53,185761","53,010202","51,124036999999994","47,119738","47,034698","49,601969","47,189303","50,860515","42,922326","32,471408","33,337517","24,654642","27,840581999999998","31,815214","43,051503","43,592138","29,238988000000003","26,051907","22,391634","19,58895","20,079099","21,174547999999998","32,451386"
Residuos no renovables,"2,97986","2,9735915","3,6410975","3,527471","3,575704","3,5456355","3,3713490000000004","3,330366","3,5487275","3,6738299999999997","3,7486615000000003","3,6270765000000003","3,579175","3,5455205000000003","3,316837","3,161888","2,8978404999999996","2,7269715000000003","2,7819835","3,1680770000000003","3,118386","2,6288475","2,2821325000000003","2,4600459999999997","2,5509335","2,298437","2,868396","2,188705","2,4896645","3,0395625","3,543686","3,2809255","3,4696395000000004","3,434815","3,271259","3,258035","4,016469","4,3025389999999994","4,441146","4,649837000000001","4,4235955","3,5671484999999996","3,7300929999999997","3,6626965","3,5979859999999997","3,5608185","3,357333","3,5628385","3,9422285","3,899129","3,7912805","4,0469525","3,8027975","3,602728","3,5264685","3,9093055","3,7522995","3,67082","3,4529270000000003","3,9426205","4,08686","3,9994704999999997","4,0873099999999996","3,980794","4,0499215","3,9760560000000003","3,6171895","3,4691345","3,1718040000000003","3,074434","3,325038","3,2412824999999996","3,2849785000000002","3,7202255","3,4966085","3,524241","3,8440715","3,3378924999999997","3,6478245","3,5364445","3,435451","3,4330665","3,4107855","3,4043525","3,1490275000000003","3,5368665","3,580978","3,317364","3,4082049999999997","3,270361","3,3824435","3,2461045","3,3485810000000003","3,1133505","2,8789515000000003","2,8816125","2,8834055","2,7852655","2,853549","2,9366149999999998","3,1428835","2,9743595","2,426549","2,3290455000000003","2,1979499999999996","2,1162595","2,296497","2,3783760000000003","2,7940885","2,845538","2,7461565","2,7067840000000003","2,706917","2,833896","2,7419035","2,7780665","2,31515","1,9294675","1,803815","1,6907685","1,5762245000000001","1,682766","1,6621905","1,9603074999999999","1,883324","1,6585905","1,255115","1,437404","1,340001","1,3812090000000001","1,472691","1,446041","1,490987","1,4855174999999998","1,3549295","1,2647855","1,388752","1,352142","2,208285","2,008075","1,8366980000000002","1,457733","1,3404425000000002","1,5563615","2,6219795","2,9508805000000002","3,098299","3,082308","3,2144695000000003","3,085002","3,1187115","3,0111190000000003","3,2228165","3,2535585","3,1533715","3,2270165000000004","3,2015245","3,0879594999999997","3,049577","3,0796985","3,5000245","3,8745335","3,964283","3,9706965","3,9550569999999996","4,105805","4,1411115","3,9267695","4,030892","4,1101005","4,0666005","4,030474","4,0039625","3,7212975","3,521798","3,4436185","3,079776","3,0930720000000003","3,8029485","3,427216","2,8038465","3,2102485","3,249079","3,752477","3,9437585","3,745054","3,6492255","3,5404965","3,759033","3,7531125000000003","4,005628","3,856291","3,6586055","3,6799885","3,607844","3,497238","3,5245145000000004","3,6337195","3,7333395","3,8227955000000002","3,875298","3,4604665","3,8922615","3,7362615","3,6338114999999998","3,6869785000000004","3,623312","3,6651025","3,858754","3,495986","3,7421295","3,735525","3,772214","3,7027829999999997","3,5440925","3,674797","3,4436095","3,295861","3,287921","3,305746","3,1134895","3,2312779999999997","3,265116","3,5508290000000002","3,524192","3,46664","3,5567689999999996","3,469238","3,3033445","3,271806","3,2927109999999997","3,3900155","3,3650225000000002","3,329661","3,3746015000000003","3,089143","3,287143","3,441262","2,968576","3,1949225","3,021097","3,3302069999999997","3,4188305","3,6741824999999997","3,661714","3,473916","3,3863155000000003","3,2335925000000003","3,427997","3,483364","3,476365","3,451548","3,5237685","3,5898305","3,1974834999999997","2,628653","3,4400745","3,523812","3,3879365","3,450114","3,6156775","3,703123","3,6440305","3,6678404999999996","3,6658865","3,813869","3,7521750000000003","3,8416995000000003","3,6968825","3,8212925","3,652871","3,5561855","3,5584595","3,5984220000000002","3,6641185","3,6582060000000003","3,6542345","3,661592","3,6793415","3,858976","3,758285","3,9035100000000003","3,947916","3,9104975","3,763799","3,677393","3,6747945","3,6967060000000003","3,9046855000000003","4,107762","3,79772","3,832915","3,1181045","3,339343","3,234584","3,2672719999999997","3,4840545","2,9494225000000003","2,7853649999999996","2,3259355","2,499948","2,733643","3,2561205","3,6194724999999996"
Residuos renovables,"2,133845","2,0172955","2,1600975","2,160476","2,2270320000000003","2,2596935","2,226529","2,092954","2,1340614999999996","2,205108","2,3058535","2,2411885000000002","2,303554","2,2169135","2,190384","2,063058","2,0672295","2,0881955","2,0292375","2,140244","2,164535","1,7839045","1,3417565","1,270945","1,2728545","1,12177","1,165713","1,297689","1,6257235","1,9078245","2,0875850000000002","2,0229635","2,1484385","2,11006","2,021736","1,956043","1,87138","1,964363","2,092615","2,1121909999999997","2,1968745","2,2020205","2,2692620000000003","2,2915935","2,228213","2,2484685","2,044849","2,1110425","2,4423375000000003","2,407422","2,3972314999999997","2,4179425","2,4319185","2,370482","2,1946345000000003","2,4445794999999997","2,3141095","2,184509","2,1904540000000003","2,3244255","2,3475070000000002","2,2323625000000002","2,293215","2,08825","2,2397015000000002","2,240437","2,1040825","1,9882265","1,8324580000000001","1,787091","1,9484549999999998","1,8774425000000001","1,8301315","2,1717055","2,0826295","2,046538","2,1299225","1,7727695","1,9189215","1,9290415","1,8801590000000001","1,8214314999999999","1,9256545","2,0262745","1,8876365000000002","1,9338655","1,825917","1,822505","1,8836579999999998","1,980615","2,1337755","2,0266145","1,986181","2,0700255000000003","2,0935645","1,9608685000000001","1,9296475","1,8330795","1,9672429999999999","1,987846","1,9803985","2,0464655","1,434827","1,3279855","1,3440619999999999","1,2544385","1,2019190000000002","1,1716389999999999","1,2127575","1,28654","1,2695505","1,244889","1,29651","1,312903","1,2654645","1,2482635","1,316238","1,2440265","1,2040350000000002","1,0937125","1,0272964999999998","1,03286","1,0219814999999999","1,3007974999999998","1,248861","1,0294874999999999","0,810702","0,799574","0,780584","0,742297","0,799884","0,807612","0,8363229999999999","0,8392765000000001","0,7188235","0,6264465","0,688222","0,8269740000000001","1,0498230000000002","0,734549","0,727822","0,7109690000000001","0,8046815","0,7730064999999999","1,2987695000000001","1,6801115","1,835058","1,822017","1,8439275","1,7584469999999999","1,7614085","1,608173","1,8099705","1,8464715","1,8366155000000002","1,8490345","1,8514155","1,7356875","1,640271","1,6426165000000001","1,9201885","2,2062775","2,230051","2,3282965","2,352179","2,424016","2,4431765","2,3896185","2,452029","2,4376585","2,3927535","2,420789","2,4219435","2,4123575","2,4539459999999997","2,3694495","2,020689","2,18254","2,5162364999999998","2,432395","2,3919535","2,2856605","2,366755","2,5008939999999997","2,4156885000000003","2,1573200000000003","2,0982165","2,0561495","2,326384","2,3669495","2,43722","2,339172","2,2158295","2,2123605","2,179705","2,19971","2,2311175","2,1996905","2,2104735","2,2654365","2,320658","2,3627775","2,3609845","2,2867805","2,2755985","2,2463764999999998","2,1501799999999998","2,2450925","2,312671","2,2634369999999997","2,3159015","2,351435","2,371807","2,312646","2,2808585","2,206433","2,1878955","1,982144","1,9005940000000001","1,860592","1,7200084999999998","1,9423979999999998","2,099659","2,097313","2,141963","2,1450709999999997","2,102833","2,119375","2,1006695","2,02829","1,990413","1,8133055","1,7830945","1,768941","1,8799185","1,757546","1,900788","2,105824","2,004097","2,0177405","1,895117","1,722966","1,8526285","2,0604014999999998","2,122576","2,054904","2,0582395","2,0766845","2,1180790000000003","2,104168","2,127025","2,093201","2,0762655","2,1002655","1,7377075","1,2238040000000001","1,9588245","2,090101","2,0485185","2,165895","2,2868215","2,287937","2,2258085000000003","2,1824755","2,1609335","2,149016","2,227014","2,3125005","2,1614335000000002","2,2748114999999998","2,2812759999999996","2,2575695000000002","2,2594594999999997","2,311401","2,3561835","2,348187","2,3424575","2,363269","2,3478245","2,214853","2,159657","2,1865520000000003","2,1904540000000003","2,2192334999999996","2,34046","2,359984","2,3182025","2,22383","2,2340445","2,314835","2,201459","2,222752","2,1074645","2,071228","2,018221","1,8880109999999999","2,0537205","1,9836615","1,746958","1,2631925000000002","1,3212080000000002","1,481276","1,9651595","2,2279145"
Generación total,"524,3233130000001","632,047278","667,943963","632,489265","635,9880810000001","597,325908","665,08103","685,464429","748,7046260000001","739,8045279999999","727,667006","715,0634859999999","720,9512210000001","668,715363","678,5879560000001","790,740441","768,762555","787,970566","818,9768189999999","788,0101430000001","722,0342959999999","752,5391529999999","835,019762","820,7757739999997","807,6518640000002","848,7917520000001","865,88019","787,4949429999999","734,2288179999998","785,2581549999999","823,7284500000001","808,0294139999999","765,6584040000001","745,4900460000001","729,2344549999999","761,7277809999999","796,6085300000002","789,122927","774,4606689999999","780,4517920000001","763,7888590000003","690,0817639999998","656,1580930000001","757,970644","777,3722780000002","755,4543910000001","727,101114","708,459808","600,915095","618,140437","694,1557540000001","712,373794","717,384265","718,1776319999999","719,1522210000002","646,252276","776,692819","892,9656289999998","853,591054","826,2069700000001","856,292183","828,9552880000001","709,9146240000001","674,882522","776,6676810000001","784,3709950000001","815,3616989999999","804,6172979999999","822,1267750000001","748,8653529999999","680,3599059999998","735,2894849999999","781,1033940000001","727,3300709999999","753,561021","759,9744679999999","663,866127","653,2588709999999","701,950503","686,143688","691,7513090000001","720,2855629999998","725,7178049999999","640,841494","659,9891719999999","731,1819529999999","720,302576","729,089703","735,860424","765,95175","681,720155","665,019257","709,505436","734,330614","694,200018","668,0527600000001","632,6009210000001","640,925963","597,881654","605,3540459999999","686,4172120000001","765,0477860000001","742,3428650000001","755,5246629999998","730,49339","666,996878","714,464607","717,6833760000001","680,2031269999998","675,5323329999999","697,109545","625,9212139999998","642,1938200000001","668,4177429999999","703,297013","690,960415","695,3748850000002","683,6804900000001","633,8616139999999","624,660414","609,5114570000002","643,6570839999999","686,298892","669,1537359999999","666,7878760000002","614,4484100000001","616,227436","647,9648920000001","688,009068","725,966114","722,6717279999999","713,130963","678,5511909999999","643,1169760000001","734,7666739999999","765,80402","737,6853439999999","736,3163340000001","731,3130950000001","624,6299009999998","596,9856020000001","637,078833","649,393667","648,8277889999998","680,3128170000001","641,5514409999998","552,0117279999998","517,677744","589,8750919999999","616,011236","625,446205","622,2734949999999","592,7163350000001","561,278603","534,4008789999999","621,913878","657,501902","628,467904","612,5584810000001","664,5793920000001","565,9935560000002","568,0185009999999","655,31471","671,4478220000001","716,9234439999999","707,243744","693,639639","642,622708","639,0263709999999","702,8482560000001","718,297514","694,944285","717,934479","708,4724020000001","653,8822860000001","645,7294479999999","777,4500499999999","791,278469","766,604862","783,4298489999999","757,1213030000001","658,0708219999999","649,2218","694,071054","716,754614","694,20395","723,3168579999999","747,6742220000001","685,3961929999999","637,593053","767,5439099999999","793,380205","779,8542659999999","779,4471659999999","799,2490080000001","688,515385","623,7436290000002","761,636605","810,519015","813,405271","783,483184","745,4821039999999","637,815519","624,3416940000002","740,61721","731,4124119999999","707,396706","721,9006340000001","729,4295239999999","653,6500380000001","628,4937880000001","690,2926520000001","745,0869140000001","745,6205180000001","756,3541160000001","757,929825","688,007117","679,3747700000001","691,3866159999999","690,044999","719,840705","741,3778030000002","692,8716780000001","646,74705","637,388535","677,5557490000001","652,662273","690,7264120000001","693,5715","720,27086","655,7144019999998","664,369962","771,438772","788,958075","821,013116","815,958283","813,5554479999998","677,778588","688,3132579999998","740,64853","712,1843829999999","675,926221","677,2030470000001","706,4725840000001","589,9921939999999","637,0488589999998","693,643687","671,1090899999999","694,509589","671,5591789999999","687,520333","614,891025","607,505887","648,6427050000001","688,571659","714,6649380000001","685,1987629999999","656,0153620000001","565,9934519999999","610,755423","622,458457","656,9589530000001","670,9474230000001","686,5721880000001","676,1209060000001","580,1616289999998","560,742522","637,673532","642,0294200000001","682,7455060000001","676,9680709999999","652,014835","598,2874169999999","581,017867","674,4984529999999","669,1806290000001","678,23589","666,21732","650,392161","572,235194","550,1980169999999","618,342967","644,3750740000002","611,879015","595,552079","577,0662720000001","511,283283","501,81422200000014","592,581404","688,1249519999999","734,9263940000001","720,879386","744,83547","591,1878850000003","512,834355","610,34184","687,9442050000001","722,8754200000001","723,4289029999999","712,6373459999999","620,954273","593,167812","690,2663259999999","631,651687"
 ,,,,,,,,,,,,,,,,,,,,,,,,,,,,,,,,,,,,,,,,,,,,,,,,,,,,,,,,,,,,,,,,,,,,,,,,,,,,,,,,,,,,,,,,,,,,,,,,,,,,,,,,,,,,,,,,,,,,,,,,,,,,,,,,,,,,,,,,,,,,,,,,,,,,,,,,,,,,,,,,,,,,,,,,,,,,,,,,,,,,,,,,,,,,,,,,,,,,,,,,,,,,,,,,,,,,,,,,,,,,,,,,,,,,,,,,,,,,,,,,,,,,,,,,,,,,,,,,,,,,,,,,,,,,,,,,,,,,,,,,,,,,,,,,,,,,,,,,,,,,,,,,
Notas,,,,,,,,,,,,,,,,,,,,,,,,,,,,,,,,,,,,,,,,,,,,,,,,,,,,,,,,,,,,,,,,,,,,,,,,,,,,,,,,,,,,,,,,,,,,,,,,,,,,,,,,,,,,,,,,,,,,,,,,,,,,,,,,,,,,,,,,,,,,,,,,,,,,,,,,,,,,,,,,,,,,,,,,,,,,,,,,,,,,,,,,,,,,,,,,,,,,,,,,,,,,,,,,,,,,,,,,,,,,,,,,,,,,,,,,,,,,,,,,,,,,,,,,,,,,,,,,,,,,,,,,,,,,,,,,,,,,,,,,,,,,,,,,,,,,,,,,,,,,,,,,
 ,,,,,,,,,,,,,,,,,,,,,,,,,,,,,,,,,,,,,,,,,,,,,,,,,,,,,,,,,,,,,,,,,,,,,,,,,,,,,,,,,,,,,,,,,,,,,,,,,,,,,,,,,,,,,,,,,,,,,,,,,,,,,,,,,,,,,,,,,,,,,,,,,,,,,,,,,,,,,,,,,,,,,,,,,,,,,,,,,,,,,,,,,,,,,,,,,,,,,,,,,,,,,,,,,,,,,,,,,,,,,,,,,,,,,,,,,,,,,,,,,,,,,,,,,,,,,,,,,,,,,,,,,,,,,,,,,,,,,,,,,,,,,,,,,,,,,,,,,,,,,,,,
 ,,,,,,,,,,,,,,,,,,,,,,,,,,,,,,,,,,,,,,,,,,,,,,,,,,,,,,,,,,,,,,,,,,,,,,,,,,,,,,,,,,,,,,,,,,,,,,,,,,,,,,,,,,,,,,,,,,,,,,,,,,,,,,,,,,,,,,,,,,,,,,,,,,,,,,,,,,,,,,,,,,,,,,,,,,,,,,,,,,,,,,,,,,,,,,,,,,,,,,,,,,,,,,,,,,,,,,,,,,,,,,,,,,,,,,,,,,,,,,,,,,,,,,,,,,,,,,,,,,,,,,,,,,,,,,,,,,,,,,,,,,,,,,,,,,,,,,,,,,,,,,,,
Estados,,,,,,,,,,,,,,,,,,,,,,,,,,,,,,,,,,,,,,,,,,,,,,,,,,,,,,,,,,,,,,,,,,,,,,,,,,,,,,,,,,,,,,,,,,,,,,,,,,,,,,,,,,,,,,,,,,,,,,,,,,,,,,,,,,,,,,,,,,,,,,,,,,,,,,,,,,,,,,,,,,,,,,,,,,,,,,,,,,,,,,,,,,,,,,,,,,,,,,,,,,,,,,,,,,,,,,,,,,,,,,,,,,,,,,,,,,,,,,,,,,,,,,,,,,,,,,,,,,,,,,,,,,,,,,,,,,,,,,,,,,,,,,,,,,,,,,,,,,,,,,,,
 ,Provisional: 01/01/2023 - 31/10/2023,,,,,,,,,,,,,,,,,,,,,,,,,,,,,,,,,,,,,,,,,,,,,,,,,,,,,,,,,,,,,,,,,,,,,,,,,,,,,,,,,,,,,,,,,,,,,,,,,,,,,,,,,,,,,,,,,,,,,,,,,,,,,,,,,,,,,,,,,,,,,,,,,,,,,,,,,,,,,,,,,,,,,,,,,,,,,,,,,,,,,,,,,,,,,,,,,,,,,,,,,,,,,,,,,,,,,,,,,,,,,,,,,,,,,,,,,,,,,,,,,,,,,,,,,,,,,,,,,,,,,,,,,,,,,,,,,,,,,,,,,,,,,,,,,,,,,,,,,,,,,,,
 ,,,,,,,,,,,,,,,,,,,,,,,,,,,,,,,,,,,,,,,,,,,,,,,,,,,,,,,,,,,,,,,,,,,,,,,,,,,,,,,,,,,,,,,,,,,,,,,,,,,,,,,,,,,,,,,,,,,,,,,,,,,,,,,,,,,,,,,,,,,,,,,,,,,,,,,,,,,,,,,,,,,,,,,,,,,,,,,,,,,,,,,,,,,,,,,,,,,,,,,,,,,,,,,,,,,,,,,,,,,,,,,,,,,,,,,,,,,,,,,,,,,,,,,,,,,,,,,,,,,,,,,,,,,,,,,,,,,,,,,,,,,,,,,,,,,,,,,,,,,,,,,,
Fecha exportación,20/11/2023 - 16:44:16,,,,,,,,,,,,,,,,,,,,,,,,,,,,,,,,,,,,,,,,,,,,,,,,,,,,,,,,,,,,,,,,,,,,,,,,,,,,,,,,,,,,,,,,,,,,,,,,,,,,,,,,,,,,,,,,,,,,,,,,,,,,,,,,,,,,,,,,,,,,,,,,,,,,,,,,,,,,,,,,,,,,,,,,,,,,,,,,,,,,,,,,,,,,,,,,,,,,,,,,,,,,,,,,,,,,,,,,,,,,,,,,,,,,,,,,,,,,,,,,,,,,,,,,,,,,,,,,,,,,,,,,,,,,,,,,,,,,,,,,,,,,,,,,,,,,,,,,,,,,,,,
 ,,,,,,,,,,,,,,,,,,,,,,,,,,,,,,,,,,,,,,,,,,,,,,,,,,,,,,,,,,,,,,,,,,,,,,,,,,,,,,,,,,,,,,,,,,,,,,,,,,,,,,,,,,,,,,,,,,,,,,,,,,,,,,,,,,,,,,,,,,,,,,,,,,,,,,,,,,,,,,,,,,,,,,,,,,,,,,,,,,,,,,,,,,,,,,,,,,,,,,,,,,,,,,,,,,,,,,,,,,,,,,,,,,,,,,,,,,,,,,,,,,,,,,,,,,,,,,,,,,,,,,,,,,,,,,,,,,,,,,,,,,,,,,,,,,,,,,,,,,,,,,,,
Fuente,www.ree.es,,,,,,,,,,,,,,,,,,,,,,,,,,,,,,,,,,,,,,,,,,,,,,,,,,,,,,,,,,,,,,,,,,,,,,,,,,,,,,,,,,,,,,,,,,,,,,,,,,,,,,,,,,,,,,,,,,,,,,,,,,,,,,,,,,,,,,,,,,,,,,,,,,,,,,,,,,,,,,,,,,,,,,,,,,,,,,,,,,,,,,,,,,,,,,,,,,,,,,,,,,,,,,,,,,,,,,,,,,,,,,,,,,,,,,,,,,,,,,,,,,,,,,,,,,,,,,,,,,,,,,,,,,,,,,,,,,,,,,,,,,,,,,,,,,,,,,,,,,,,,,,
